-- phpMyAdmin SQL Dump
-- version 5.1.3
-- https://www.phpmyadmin.net/
--
-- Host: localhost:3306
-- Erstellungszeit: 30. Jun 2022 um 06:45
-- Server-Version: 10.2.42-MariaDB-10.2.42+maria~stretch
-- PHP-Version: 7.4.29

SET SQL_MODE = "NO_AUTO_VALUE_ON_ZERO";
START TRANSACTION;
SET time_zone = "+00:00";


/*!40101 SET @OLD_CHARACTER_SET_CLIENT=@@CHARACTER_SET_CLIENT */;
/*!40101 SET @OLD_CHARACTER_SET_RESULTS=@@CHARACTER_SET_RESULTS */;
/*!40101 SET @OLD_COLLATION_CONNECTION=@@COLLATION_CONNECTION */;
/*!40101 SET NAMES utf8mb4 */;

--
-- Datenbank: `glvtippdb`
--

-- --------------------------------------------------------

--
-- Tabellenstruktur für Tabelle `deine`
--

CREATE TABLE `deine` (
  `p_id` int(11) NOT NULL,
  `pdf` varchar(255) CHARACTER SET utf8 DEFAULT NULL,
  `created_at` datetime DEFAULT NULL,
  `updated_at` datetime DEFAULT NULL
) ENGINE=InnoDB DEFAULT CHARSET=latin1;

--
-- Daten für Tabelle `deine`
--

INSERT INTO `deine` (`p_id`, `pdf`, `created_at`, `updated_at`) VALUES
(1, 'PersoenlicheDaten_VertriebsPartner_GLV v2.pdf', '2022-01-20 13:36:05', NULL),
(2, 'Vertriebsvereinbarung_GLV 10_2020.pdf', '2022-01-20 13:44:35', NULL),
(3, 'Vertraulichkeitsverpflichtungserklaerung_GLV 10_2020.pdf', '2022-03-11 12:11:02', NULL),
(4, 'Auftragsverarbeitungsvertrag  Art. 28 V 2.3 GLV.PDF', '2022-03-11 12:10:35', NULL),
(5, 'Datenschutzinformation_Kooperationspartner_GLV v2_2.pdf', '2022-03-11 12:09:54', NULL),
(6, 'PersoenlicheDaten_Tippgeber_GLV 2021.pdf', '2022-01-20 13:42:40', NULL),
(7, 'Tippgeber_Vertrag_GLV_2021 Pool-Klausel.pdf', '2022-01-28 13:43:02', NULL),
(8, 'Vertraulichkeitsverpflichtungserklaerung_GLV 10_2020.pdf', '2022-03-11 12:11:12', NULL),
(9, 'Auftragsverarbeitungsvertrag  Art. 28 V 2.3 GLV.PDF', '2022-03-11 12:10:49', NULL),
(10, 'Datenschutzinformation_Kooperationspartner_GLV v2_2.pdf', '2022-03-11 12:10:09', NULL);

-- --------------------------------------------------------

--
-- Tabellenstruktur für Tabelle `faq`
--

CREATE TABLE `faq` (
  `id` int(11) NOT NULL,
  `title` text DEFAULT NULL,
  `text` longtext DEFAULT NULL,
  `status` tinyint(4) DEFAULT 1,
  `created_at` datetime DEFAULT NULL,
  `updated_at` datetime DEFAULT NULL,
  `deleted_at` datetime DEFAULT NULL
) ENGINE=InnoDB DEFAULT CHARSET=utf8mb4;

--
-- Daten für Tabelle `faq`
--

INSERT INTO `faq` (`id`, `title`, `text`, `status`, `created_at`, `updated_at`, `deleted_at`) VALUES
(3, 'Wer kann als Tippgeber tätig werden und das Portal nutzen?', '<p class=\"MsoNormal\">Eine Tätigkeit und Nutzung unseres Portals als Tippgeber ist grundsätzlich für jeden möglich. Vorsorglich weisen wir auf die\r\nEinhaltung gewerbe- sowie steuerrechtlicher Vorschriften hin.&nbsp;</p><p class=\"MsoNormal\"><o:p></o:p></p>', 1, NULL, NULL, NULL),
(4, 'Wie viel Provision bekomme ich?', '<p class=\"MsoNormal\"><!--[if gte mso 9]><xml>\r\n <o:OfficeDocumentSettings>\r\n  <o:AllowPNG></o:AllowPNG>\r\n </o:OfficeDocumentSettings>\r\n</xml><![endif]--><!--[if gte mso 9]><xml>\r\n <w:WordDocument>\r\n  <w:View>Normal</w:View>\r\n  <w:Zoom>0</w:Zoom>\r\n  <w:TrackMoves></w:TrackMoves>\r\n  <w:TrackFormatting></w:TrackFormatting>\r\n  <w:DoNotShowComments></w:DoNotShowComments>\r\n  <w:HyphenationZone>21</w:HyphenationZone>\r\n  <w:PunctuationKerning></w:PunctuationKerning>\r\n  <w:ValidateAgainstSchemas></w:ValidateAgainstSchemas>\r\n  <w:SaveIfXMLInvalid>false</w:SaveIfXMLInvalid>\r\n  <w:IgnoreMixedContent>false</w:IgnoreMixedContent>\r\n  <w:AlwaysShowPlaceholderText>false</w:AlwaysShowPlaceholderText>\r\n  <w:DoNotPromoteQF></w:DoNotPromoteQF>\r\n  <w:LidThemeOther>DE</w:LidThemeOther>\r\n  <w:LidThemeAsian>X-NONE</w:LidThemeAsian>\r\n  <w:LidThemeComplexScript>X-NONE</w:LidThemeComplexScript>\r\n  <w:Compatibility>\r\n   <w:BreakWrappedTables></w:BreakWrappedTables>\r\n   <w:SnapToGridInCell></w:SnapToGridInCell>\r\n   <w:WrapTextWithPunct></w:WrapTextWithPunct>\r\n   <w:UseAsianBreakRules></w:UseAsianBreakRules>\r\n   <w:DontGrowAutofit></w:DontGrowAutofit>\r\n   <w:SplitPgBreakAndParaMark></w:SplitPgBreakAndParaMark>\r\n   <w:EnableOpenTypeKerning></w:EnableOpenTypeKerning>\r\n   <w:DontFlipMirrorIndents></w:DontFlipMirrorIndents>\r\n   <w:OverrideTableStyleHps></w:OverrideTableStyleHps>\r\n  </w:Compatibility>\r\n  <m:mathPr>\r\n   <m:mathFont m:val=\"Cambria Math\"></m:mathFont>\r\n   <m:brkBin m:val=\"before\"></m:brkBin>\r\n   <m:brkBinSub m:val=\"&#45;-\"></m:brkBinSub>\r\n   <m:smallFrac m:val=\"off\"></m:smallFrac>\r\n   <m:dispDef></m:dispDef>\r\n   <m:lMargin m:val=\"0\"></m:lMargin>\r\n   <m:rMargin m:val=\"0\"></m:rMargin>\r\n   <m:defJc m:val=\"centerGroup\"></m:defJc>\r\n   <m:wrapIndent m:val=\"1440\"></m:wrapIndent>\r\n   <m:intLim m:val=\"subSup\"></m:intLim>\r\n   <m:naryLim m:val=\"undOvr\"></m:naryLim>\r\n  </m:mathPr></w:WordDocument>\r\n</xml><![endif]--><!--[if gte mso 9]><xml>\r\n <w:LatentStyles DefLockedState=\"false\" DefUnhideWhenUsed=\"false\"\r\n  DefSemiHidden=\"false\" DefQFormat=\"false\" DefPriority=\"99\"\r\n  LatentStyleCount=\"371\">\r\n  <w:LsdException Locked=\"false\" Priority=\"0\" QFormat=\"true\" Name=\"Normal\"></w:LsdException>\r\n  <w:LsdException Locked=\"false\" Priority=\"9\" QFormat=\"true\" Name=\"heading 1\"></w:LsdException>\r\n  <w:LsdException Locked=\"false\" Priority=\"9\" SemiHidden=\"true\"\r\n   UnhideWhenUsed=\"true\" QFormat=\"true\" Name=\"heading 2\"></w:LsdException>\r\n  <w:LsdException Locked=\"false\" Priority=\"9\" SemiHidden=\"true\"\r\n   UnhideWhenUsed=\"true\" QFormat=\"true\" Name=\"heading 3\"></w:LsdException>\r\n  <w:LsdException Locked=\"false\" Priority=\"9\" SemiHidden=\"true\"\r\n   UnhideWhenUsed=\"true\" QFormat=\"true\" Name=\"heading 4\"></w:LsdException>\r\n  <w:LsdException Locked=\"false\" Priority=\"9\" SemiHidden=\"true\"\r\n   UnhideWhenUsed=\"true\" QFormat=\"true\" Name=\"heading 5\"></w:LsdException>\r\n  <w:LsdException Locked=\"false\" Priority=\"9\" SemiHidden=\"true\"\r\n   UnhideWhenUsed=\"true\" QFormat=\"true\" Name=\"heading 6\"></w:LsdException>\r\n  <w:LsdException Locked=\"false\" Priority=\"9\" SemiHidden=\"true\"\r\n   UnhideWhenUsed=\"true\" QFormat=\"true\" Name=\"heading 7\"></w:LsdException>\r\n  <w:LsdException Locked=\"false\" Priority=\"9\" SemiHidden=\"true\"\r\n   UnhideWhenUsed=\"true\" QFormat=\"true\" Name=\"heading 8\"></w:LsdException>\r\n  <w:LsdException Locked=\"false\" Priority=\"9\" SemiHidden=\"true\"\r\n   UnhideWhenUsed=\"true\" QFormat=\"true\" Name=\"heading 9\"></w:LsdException>\r\n  <w:LsdException Locked=\"false\" SemiHidden=\"true\" UnhideWhenUsed=\"true\"\r\n   Name=\"index 1\"></w:LsdException>\r\n  <w:LsdException Locked=\"false\" SemiHidden=\"true\" UnhideWhenUsed=\"true\"\r\n   Name=\"index 2\"></w:LsdException>\r\n  <w:LsdException Locked=\"false\" SemiHidden=\"true\" UnhideWhenUsed=\"true\"\r\n   Name=\"index 3\"></w:LsdException>\r\n  <w:LsdException Locked=\"false\" SemiHidden=\"true\" UnhideWhenUsed=\"true\"\r\n   Name=\"index 4\"></w:LsdException>\r\n  <w:LsdException Locked=\"false\" SemiHidden=\"true\" UnhideWhenUsed=\"true\"\r\n   Name=\"index 5\"></w:LsdException>\r\n  <w:LsdException Locked=\"false\" SemiHidden=\"true\" UnhideWhenUsed=\"true\"\r\n   Name=\"index 6\"></w:LsdException>\r\n  <w:LsdException Locked=\"false\" SemiHidden=\"true\" UnhideWhenUsed=\"true\"\r\n   Name=\"index 7\"></w:LsdException>\r\n  <w:LsdException Locked=\"false\" SemiHidden=\"true\" UnhideWhenUsed=\"true\"\r\n   Name=\"index 8\"></w:LsdException>\r\n  <w:LsdException Locked=\"false\" SemiHidden=\"true\" UnhideWhenUsed=\"true\"\r\n   Name=\"index 9\"></w:LsdException>\r\n  <w:LsdException Locked=\"false\" Priority=\"39\" SemiHidden=\"true\"\r\n   UnhideWhenUsed=\"true\" Name=\"toc 1\"></w:LsdException>\r\n  <w:LsdException Locked=\"false\" Priority=\"39\" SemiHidden=\"true\"\r\n   UnhideWhenUsed=\"true\" Name=\"toc 2\"></w:LsdException>\r\n  <w:LsdException Locked=\"false\" Priority=\"39\" SemiHidden=\"true\"\r\n   UnhideWhenUsed=\"true\" Name=\"toc 3\"></w:LsdException>\r\n  <w:LsdException Locked=\"false\" Priority=\"39\" SemiHidden=\"true\"\r\n   UnhideWhenUsed=\"true\" Name=\"toc 4\"></w:LsdException>\r\n  <w:LsdException Locked=\"false\" Priority=\"39\" SemiHidden=\"true\"\r\n   UnhideWhenUsed=\"true\" Name=\"toc 5\"></w:LsdException>\r\n  <w:LsdException Locked=\"false\" Priority=\"39\" SemiHidden=\"true\"\r\n   UnhideWhenUsed=\"true\" Name=\"toc 6\"></w:LsdException>\r\n  <w:LsdException Locked=\"false\" Priority=\"39\" SemiHidden=\"true\"\r\n   UnhideWhenUsed=\"true\" Name=\"toc 7\"></w:LsdException>\r\n  <w:LsdException Locked=\"false\" Priority=\"39\" SemiHidden=\"true\"\r\n   UnhideWhenUsed=\"true\" Name=\"toc 8\"></w:LsdException>\r\n  <w:LsdException Locked=\"false\" Priority=\"39\" SemiHidden=\"true\"\r\n   UnhideWhenUsed=\"true\" Name=\"toc 9\"></w:LsdException>\r\n  <w:LsdException Locked=\"false\" SemiHidden=\"true\" UnhideWhenUsed=\"true\"\r\n   Name=\"Normal Indent\"></w:LsdException>\r\n  <w:LsdException Locked=\"false\" SemiHidden=\"true\" UnhideWhenUsed=\"true\"\r\n   Name=\"footnote text\"></w:LsdException>\r\n  <w:LsdException Locked=\"false\" SemiHidden=\"true\" UnhideWhenUsed=\"true\"\r\n   Name=\"annotation text\"></w:LsdException>\r\n  <w:LsdException Locked=\"false\" SemiHidden=\"true\" UnhideWhenUsed=\"true\"\r\n   Name=\"header\"></w:LsdException>\r\n  <w:LsdException Locked=\"false\" SemiHidden=\"true\" UnhideWhenUsed=\"true\"\r\n   Name=\"footer\"></w:LsdException>\r\n  <w:LsdException Locked=\"false\" SemiHidden=\"true\" UnhideWhenUsed=\"true\"\r\n   Name=\"index heading\"></w:LsdException>\r\n  <w:LsdException Locked=\"false\" Priority=\"35\" SemiHidden=\"true\"\r\n   UnhideWhenUsed=\"true\" QFormat=\"true\" Name=\"caption\"></w:LsdException>\r\n  <w:LsdException Locked=\"false\" SemiHidden=\"true\" UnhideWhenUsed=\"true\"\r\n   Name=\"table of figures\"></w:LsdException>\r\n  <w:LsdException Locked=\"false\" SemiHidden=\"true\" UnhideWhenUsed=\"true\"\r\n   Name=\"envelope address\"></w:LsdException>\r\n  <w:LsdException Locked=\"false\" SemiHidden=\"true\" UnhideWhenUsed=\"true\"\r\n   Name=\"envelope return\"></w:LsdException>\r\n  <w:LsdException Locked=\"false\" SemiHidden=\"true\" UnhideWhenUsed=\"true\"\r\n   Name=\"footnote reference\"></w:LsdException>\r\n  <w:LsdException Locked=\"false\" SemiHidden=\"true\" UnhideWhenUsed=\"true\"\r\n   Name=\"annotation reference\"></w:LsdException>\r\n  <w:LsdException Locked=\"false\" SemiHidden=\"true\" UnhideWhenUsed=\"true\"\r\n   Name=\"line number\"></w:LsdException>\r\n  <w:LsdException Locked=\"false\" SemiHidden=\"true\" UnhideWhenUsed=\"true\"\r\n   Name=\"page number\"></w:LsdException>\r\n  <w:LsdException Locked=\"false\" SemiHidden=\"true\" UnhideWhenUsed=\"true\"\r\n   Name=\"endnote reference\"></w:LsdException>\r\n  <w:LsdException Locked=\"false\" SemiHidden=\"true\" UnhideWhenUsed=\"true\"\r\n   Name=\"endnote text\"></w:LsdException>\r\n  <w:LsdException Locked=\"false\" SemiHidden=\"true\" UnhideWhenUsed=\"true\"\r\n   Name=\"table of authorities\"></w:LsdException>\r\n  <w:LsdException Locked=\"false\" SemiHidden=\"true\" UnhideWhenUsed=\"true\"\r\n   Name=\"macro\"></w:LsdException>\r\n  <w:LsdException Locked=\"false\" SemiHidden=\"true\" UnhideWhenUsed=\"true\"\r\n   Name=\"toa heading\"></w:LsdException>\r\n  <w:LsdException Locked=\"false\" SemiHidden=\"true\" UnhideWhenUsed=\"true\"\r\n   Name=\"List\"></w:LsdException>\r\n  <w:LsdException Locked=\"false\" SemiHidden=\"true\" UnhideWhenUsed=\"true\"\r\n   Name=\"List Bullet\"></w:LsdException>\r\n  <w:LsdException Locked=\"false\" SemiHidden=\"true\" UnhideWhenUsed=\"true\"\r\n   Name=\"List Number\"></w:LsdException>\r\n  <w:LsdException Locked=\"false\" SemiHidden=\"true\" UnhideWhenUsed=\"true\"\r\n   Name=\"List 2\"></w:LsdException>\r\n  <w:LsdException Locked=\"false\" SemiHidden=\"true\" UnhideWhenUsed=\"true\"\r\n   Name=\"List 3\"></w:LsdException>\r\n  <w:LsdException Locked=\"false\" SemiHidden=\"true\" UnhideWhenUsed=\"true\"\r\n   Name=\"List 4\"></w:LsdException>\r\n  <w:LsdException Locked=\"false\" SemiHidden=\"true\" UnhideWhenUsed=\"true\"\r\n   Name=\"List 5\"></w:LsdException>\r\n  <w:LsdException Locked=\"false\" SemiHidden=\"true\" UnhideWhenUsed=\"true\"\r\n   Name=\"List Bullet 2\"></w:LsdException>\r\n  <w:LsdException Locked=\"false\" SemiHidden=\"true\" UnhideWhenUsed=\"true\"\r\n   Name=\"List Bullet 3\"></w:LsdException>\r\n  <w:LsdException Locked=\"false\" SemiHidden=\"true\" UnhideWhenUsed=\"true\"\r\n   Name=\"List Bullet 4\"></w:LsdException>\r\n  <w:LsdException Locked=\"false\" SemiHidden=\"true\" UnhideWhenUsed=\"true\"\r\n   Name=\"List Bullet 5\"></w:LsdException>\r\n  <w:LsdException Locked=\"false\" SemiHidden=\"true\" UnhideWhenUsed=\"true\"\r\n   Name=\"List Number 2\"></w:LsdException>\r\n  <w:LsdException Locked=\"false\" SemiHidden=\"true\" UnhideWhenUsed=\"true\"\r\n   Name=\"List Number 3\"></w:LsdException>\r\n  <w:LsdException Locked=\"false\" SemiHidden=\"true\" UnhideWhenUsed=\"true\"\r\n   Name=\"List Number 4\"></w:LsdException>\r\n  <w:LsdException Locked=\"false\" SemiHidden=\"true\" UnhideWhenUsed=\"true\"\r\n   Name=\"List Number 5\"></w:LsdException>\r\n  <w:LsdException Locked=\"false\" Priority=\"10\" QFormat=\"true\" Name=\"Title\"></w:LsdException>\r\n  <w:LsdException Locked=\"false\" SemiHidden=\"true\" UnhideWhenUsed=\"true\"\r\n   Name=\"Closing\"></w:LsdException>\r\n  <w:LsdException Locked=\"false\" SemiHidden=\"true\" UnhideWhenUsed=\"true\"\r\n   Name=\"Signature\"></w:LsdException>\r\n  <w:LsdException Locked=\"false\" Priority=\"1\" SemiHidden=\"true\"\r\n   UnhideWhenUsed=\"true\" Name=\"Default Paragraph Font\"></w:LsdException>\r\n  <w:LsdException Locked=\"false\" SemiHidden=\"true\" UnhideWhenUsed=\"true\"\r\n   Name=\"Body Text\"></w:LsdException>\r\n  <w:LsdException Locked=\"false\" SemiHidden=\"true\" UnhideWhenUsed=\"true\"\r\n   Name=\"Body Text Indent\"></w:LsdException>\r\n  <w:LsdException Locked=\"false\" SemiHidden=\"true\" UnhideWhenUsed=\"true\"\r\n   Name=\"List Continue\"></w:LsdException>\r\n  <w:LsdException Locked=\"false\" SemiHidden=\"true\" UnhideWhenUsed=\"true\"\r\n   Name=\"List Continue 2\"></w:LsdException>\r\n  <w:LsdException Locked=\"false\" SemiHidden=\"true\" UnhideWhenUsed=\"true\"\r\n   Name=\"List Continue 3\"></w:LsdException>\r\n  <w:LsdException Locked=\"false\" SemiHidden=\"true\" UnhideWhenUsed=\"true\"\r\n   Name=\"List Continue 4\"></w:LsdException>\r\n  <w:LsdException Locked=\"false\" SemiHidden=\"true\" UnhideWhenUsed=\"true\"\r\n   Name=\"List Continue 5\"></w:LsdException>\r\n  <w:LsdException Locked=\"false\" SemiHidden=\"true\" UnhideWhenUsed=\"true\"\r\n   Name=\"Message Header\"></w:LsdException>\r\n  <w:LsdException Locked=\"false\" Priority=\"11\" QFormat=\"true\" Name=\"Subtitle\"></w:LsdException>\r\n  <w:LsdException Locked=\"false\" SemiHidden=\"true\" UnhideWhenUsed=\"true\"\r\n   Name=\"Salutation\"></w:LsdException>\r\n  <w:LsdException Locked=\"false\" SemiHidden=\"true\" UnhideWhenUsed=\"true\"\r\n   Name=\"Date\"></w:LsdException>\r\n  <w:LsdException Locked=\"false\" SemiHidden=\"true\" UnhideWhenUsed=\"true\"\r\n   Name=\"Body Text First Indent\"></w:LsdException>\r\n  <w:LsdException Locked=\"false\" SemiHidden=\"true\" UnhideWhenUsed=\"true\"\r\n   Name=\"Body Text First Indent 2\"></w:LsdException>\r\n  <w:LsdException Locked=\"false\" SemiHidden=\"true\" UnhideWhenUsed=\"true\"\r\n   Name=\"Note Heading\"></w:LsdException>\r\n  <w:LsdException Locked=\"false\" SemiHidden=\"true\" UnhideWhenUsed=\"true\"\r\n   Name=\"Body Text 2\"></w:LsdException>\r\n  <w:LsdException Locked=\"false\" SemiHidden=\"true\" UnhideWhenUsed=\"true\"\r\n   Name=\"Body Text 3\"></w:LsdException>\r\n  <w:LsdException Locked=\"false\" SemiHidden=\"true\" UnhideWhenUsed=\"true\"\r\n   Name=\"Body Text Indent 2\"></w:LsdException>\r\n  <w:LsdException Locked=\"false\" SemiHidden=\"true\" UnhideWhenUsed=\"true\"\r\n   Name=\"Body Text Indent 3\"></w:LsdException>\r\n  <w:LsdException Locked=\"false\" SemiHidden=\"true\" UnhideWhenUsed=\"true\"\r\n   Name=\"Block Text\"></w:LsdException>\r\n  <w:LsdException Locked=\"false\" SemiHidden=\"true\" UnhideWhenUsed=\"true\"\r\n   Name=\"Hyperlink\"></w:LsdException>\r\n  <w:LsdException Locked=\"false\" SemiHidden=\"true\" UnhideWhenUsed=\"true\"\r\n   Name=\"FollowedHyperlink\"></w:LsdException>\r\n  <w:LsdException Locked=\"false\" Priority=\"22\" QFormat=\"true\" Name=\"Strong\"></w:LsdException>\r\n  <w:LsdException Locked=\"false\" Priority=\"20\" QFormat=\"true\" Name=\"Emphasis\"></w:LsdException>\r\n  <w:LsdException Locked=\"false\" SemiHidden=\"true\" UnhideWhenUsed=\"true\"\r\n   Name=\"Document Map\"></w:LsdException>\r\n  <w:LsdException Locked=\"false\" SemiHidden=\"true\" UnhideWhenUsed=\"true\"\r\n   Name=\"Plain Text\"></w:LsdException>\r\n  <w:LsdException Locked=\"false\" SemiHidden=\"true\" UnhideWhenUsed=\"true\"\r\n   Name=\"E-mail Signature\"></w:LsdException>\r\n  <w:LsdException Locked=\"false\" SemiHidden=\"true\" UnhideWhenUsed=\"true\"\r\n   Name=\"HTML Top of Form\"></w:LsdException>\r\n  <w:LsdException Locked=\"false\" SemiHidden=\"true\" UnhideWhenUsed=\"true\"\r\n   Name=\"HTML Bottom of Form\"></w:LsdException>\r\n  <w:LsdException Locked=\"false\" SemiHidden=\"true\" UnhideWhenUsed=\"true\"\r\n   Name=\"Normal (Web)\"></w:LsdException>\r\n  <w:LsdException Locked=\"false\" SemiHidden=\"true\" UnhideWhenUsed=\"true\"\r\n   Name=\"HTML Acronym\"></w:LsdException>\r\n  <w:LsdException Locked=\"false\" SemiHidden=\"true\" UnhideWhenUsed=\"true\"\r\n   Name=\"HTML Address\"></w:LsdException>\r\n  <w:LsdException Locked=\"false\" SemiHidden=\"true\" UnhideWhenUsed=\"true\"\r\n   Name=\"HTML Cite\"></w:LsdException>\r\n  <w:LsdException Locked=\"false\" SemiHidden=\"true\" UnhideWhenUsed=\"true\"\r\n   Name=\"HTML Code\"></w:LsdException>\r\n  <w:LsdException Locked=\"false\" SemiHidden=\"true\" UnhideWhenUsed=\"true\"\r\n   Name=\"HTML Definition\"></w:LsdException>\r\n  <w:LsdException Locked=\"false\" SemiHidden=\"true\" UnhideWhenUsed=\"true\"\r\n   Name=\"HTML Keyboard\"></w:LsdException>\r\n  <w:LsdException Locked=\"false\" SemiHidden=\"true\" UnhideWhenUsed=\"true\"\r\n   Name=\"HTML Preformatted\"></w:LsdException>\r\n  <w:LsdException Locked=\"false\" SemiHidden=\"true\" UnhideWhenUsed=\"true\"\r\n   Name=\"HTML Sample\"></w:LsdException>\r\n  <w:LsdException Locked=\"false\" SemiHidden=\"true\" UnhideWhenUsed=\"true\"\r\n   Name=\"HTML Typewriter\"></w:LsdException>\r\n  <w:LsdException Locked=\"false\" SemiHidden=\"true\" UnhideWhenUsed=\"true\"\r\n   Name=\"HTML Variable\"></w:LsdException>\r\n  <w:LsdException Locked=\"false\" SemiHidden=\"true\" UnhideWhenUsed=\"true\"\r\n   Name=\"Normal Table\"></w:LsdException>\r\n  <w:LsdException Locked=\"false\" SemiHidden=\"true\" UnhideWhenUsed=\"true\"\r\n   Name=\"annotation subject\"></w:LsdException>\r\n  <w:LsdException Locked=\"false\" SemiHidden=\"true\" UnhideWhenUsed=\"true\"\r\n   Name=\"No List\"></w:LsdException>\r\n  <w:LsdException Locked=\"false\" SemiHidden=\"true\" UnhideWhenUsed=\"true\"\r\n   Name=\"Outline List 1\"></w:LsdException>\r\n  <w:LsdException Locked=\"false\" SemiHidden=\"true\" UnhideWhenUsed=\"true\"\r\n   Name=\"Outline List 2\"></w:LsdException>\r\n  <w:LsdException Locked=\"false\" SemiHidden=\"true\" UnhideWhenUsed=\"true\"\r\n   Name=\"Outline List 3\"></w:LsdException>\r\n  <w:LsdException Locked=\"false\" SemiHidden=\"true\" UnhideWhenUsed=\"true\"\r\n   Name=\"Table Simple 1\"></w:LsdException>\r\n  <w:LsdException Locked=\"false\" SemiHidden=\"true\" UnhideWhenUsed=\"true\"\r\n   Name=\"Table Simple 2\"></w:LsdException>\r\n  <w:LsdException Locked=\"false\" SemiHidden=\"true\" UnhideWhenUsed=\"true\"\r\n   Name=\"Table Simple 3\"></w:LsdException>\r\n  <w:LsdException Locked=\"false\" SemiHidden=\"true\" UnhideWhenUsed=\"true\"\r\n   Name=\"Table Classic 1\"></w:LsdException>\r\n  <w:LsdException Locked=\"false\" SemiHidden=\"true\" UnhideWhenUsed=\"true\"\r\n   Name=\"Table Classic 2\"></w:LsdException>\r\n  <w:LsdException Locked=\"false\" SemiHidden=\"true\" UnhideWhenUsed=\"true\"\r\n   Name=\"Table Classic 3\"></w:LsdException>\r\n  <w:LsdException Locked=\"false\" SemiHidden=\"true\" UnhideWhenUsed=\"true\"\r\n   Name=\"Table Classic 4\"></w:LsdException>\r\n  <w:LsdException Locked=\"false\" SemiHidden=\"true\" UnhideWhenUsed=\"true\"\r\n   Name=\"Table Colorful 1\"></w:LsdException>\r\n  <w:LsdException Locked=\"false\" SemiHidden=\"true\" UnhideWhenUsed=\"true\"\r\n   Name=\"Table Colorful 2\"></w:LsdException>\r\n  <w:LsdException Locked=\"false\" SemiHidden=\"true\" UnhideWhenUsed=\"true\"\r\n   Name=\"Table Colorful 3\"></w:LsdException>\r\n  <w:LsdException Locked=\"false\" SemiHidden=\"true\" UnhideWhenUsed=\"true\"\r\n   Name=\"Table Columns 1\"></w:LsdException>\r\n  <w:LsdException Locked=\"false\" SemiHidden=\"true\" UnhideWhenUsed=\"true\"\r\n   Name=\"Table Columns 2\"></w:LsdException>\r\n  <w:LsdException Locked=\"false\" SemiHidden=\"true\" UnhideWhenUsed=\"true\"\r\n   Name=\"Table Columns 3\"></w:LsdException>\r\n  <w:LsdException Locked=\"false\" SemiHidden=\"true\" UnhideWhenUsed=\"true\"\r\n   Name=\"Table Columns 4\"></w:LsdException>\r\n  <w:LsdException Locked=\"false\" SemiHidden=\"true\" UnhideWhenUsed=\"true\"\r\n   Name=\"Table Columns 5\"></w:LsdException>\r\n  <w:LsdException Locked=\"false\" SemiHidden=\"true\" UnhideWhenUsed=\"true\"\r\n   Name=\"Table Grid 1\"></w:LsdException>\r\n  <w:LsdException Locked=\"false\" SemiHidden=\"true\" UnhideWhenUsed=\"true\"\r\n   Name=\"Table Grid 2\"></w:LsdException>\r\n  <w:LsdException Locked=\"false\" SemiHidden=\"true\" UnhideWhenUsed=\"true\"\r\n   Name=\"Table Grid 3\"></w:LsdException>\r\n  <w:LsdException Locked=\"false\" SemiHidden=\"true\" UnhideWhenUsed=\"true\"\r\n   Name=\"Table Grid 4\"></w:LsdException>\r\n  <w:LsdException Locked=\"false\" SemiHidden=\"true\" UnhideWhenUsed=\"true\"\r\n   Name=\"Table Grid 5\"></w:LsdException>\r\n  <w:LsdException Locked=\"false\" SemiHidden=\"true\" UnhideWhenUsed=\"true\"\r\n   Name=\"Table Grid 6\"></w:LsdException>\r\n  <w:LsdException Locked=\"false\" SemiHidden=\"true\" UnhideWhenUsed=\"true\"\r\n   Name=\"Table Grid 7\"></w:LsdException>\r\n  <w:LsdException Locked=\"false\" SemiHidden=\"true\" UnhideWhenUsed=\"true\"\r\n   Name=\"Table Grid 8\"></w:LsdException>\r\n  <w:LsdException Locked=\"false\" SemiHidden=\"true\" UnhideWhenUsed=\"true\"\r\n   Name=\"Table List 1\"></w:LsdException>\r\n  <w:LsdException Locked=\"false\" SemiHidden=\"true\" UnhideWhenUsed=\"true\"\r\n   Name=\"Table List 2\"></w:LsdException>\r\n  <w:LsdException Locked=\"false\" SemiHidden=\"true\" UnhideWhenUsed=\"true\"\r\n   Name=\"Table List 3\"></w:LsdException>\r\n  <w:LsdException Locked=\"false\" SemiHidden=\"true\" UnhideWhenUsed=\"true\"\r\n   Name=\"Table List 4\"></w:LsdException>\r\n  <w:LsdException Locked=\"false\" SemiHidden=\"true\" UnhideWhenUsed=\"true\"\r\n   Name=\"Table List 5\"></w:LsdException>\r\n  <w:LsdException Locked=\"false\" SemiHidden=\"true\" UnhideWhenUsed=\"true\"\r\n   Name=\"Table List 6\"></w:LsdException>\r\n  <w:LsdException Locked=\"false\" SemiHidden=\"true\" UnhideWhenUsed=\"true\"\r\n   Name=\"Table List 7\"></w:LsdException>\r\n  <w:LsdException Locked=\"false\" SemiHidden=\"true\" UnhideWhenUsed=\"true\"\r\n   Name=\"Table List 8\"></w:LsdException>\r\n  <w:LsdException Locked=\"false\" SemiHidden=\"true\" UnhideWhenUsed=\"true\"\r\n   Name=\"Table 3D effects 1\"></w:LsdException>\r\n  <w:LsdException Locked=\"false\" SemiHidden=\"true\" UnhideWhenUsed=\"true\"\r\n   Name=\"Table 3D effects 2\"></w:LsdException>\r\n  <w:LsdException Locked=\"false\" SemiHidden=\"true\" UnhideWhenUsed=\"true\"\r\n   Name=\"Table 3D effects 3\"></w:LsdException>\r\n  <w:LsdException Locked=\"false\" SemiHidden=\"true\" UnhideWhenUsed=\"true\"\r\n   Name=\"Table Contemporary\"></w:LsdException>\r\n  <w:LsdException Locked=\"false\" SemiHidden=\"true\" UnhideWhenUsed=\"true\"\r\n   Name=\"Table Elegant\"></w:LsdException>\r\n  <w:LsdException Locked=\"false\" SemiHidden=\"true\" UnhideWhenUsed=\"true\"\r\n   Name=\"Table Professional\"></w:LsdException>\r\n  <w:LsdException Locked=\"false\" SemiHidden=\"true\" UnhideWhenUsed=\"true\"\r\n   Name=\"Table Subtle 1\"></w:LsdException>\r\n  <w:LsdException Locked=\"false\" SemiHidden=\"true\" UnhideWhenUsed=\"true\"\r\n   Name=\"Table Subtle 2\"></w:LsdException>\r\n  <w:LsdException Locked=\"false\" SemiHidden=\"true\" UnhideWhenUsed=\"true\"\r\n   Name=\"Table Web 1\"></w:LsdException>\r\n  <w:LsdException Locked=\"false\" SemiHidden=\"true\" UnhideWhenUsed=\"true\"\r\n   Name=\"Table Web 2\"></w:LsdException>\r\n  <w:LsdException Locked=\"false\" SemiHidden=\"true\" UnhideWhenUsed=\"true\"\r\n   Name=\"Table Web 3\"></w:LsdException>\r\n  <w:LsdException Locked=\"false\" SemiHidden=\"true\" UnhideWhenUsed=\"true\"\r\n   Name=\"Balloon Text\"></w:LsdException>\r\n  <w:LsdException Locked=\"false\" Priority=\"39\" Name=\"Table Grid\"></w:LsdException>\r\n  <w:LsdException Locked=\"false\" SemiHidden=\"true\" UnhideWhenUsed=\"true\"\r\n   Name=\"Table Theme\"></w:LsdException>\r\n  <w:LsdException Locked=\"false\" SemiHidden=\"true\" Name=\"Placeholder Text\"></w:LsdException>\r\n  <w:LsdException Locked=\"false\" Priority=\"1\" QFormat=\"true\" Name=\"No Spacing\"></w:LsdException>\r\n  <w:LsdException Locked=\"false\" Priority=\"60\" Name=\"Light Shading\"></w:LsdException>\r\n  <w:LsdException Locked=\"false\" Priority=\"61\" Name=\"Light List\"></w:LsdException>\r\n  <w:LsdException Locked=\"false\" Priority=\"62\" Name=\"Light Grid\"></w:LsdException>\r\n  <w:LsdException Locked=\"false\" Priority=\"63\" Name=\"Medium Shading 1\"></w:LsdException>\r\n  <w:LsdException Locked=\"false\" Priority=\"64\" Name=\"Medium Shading 2\"></w:LsdException>\r\n  <w:LsdException Locked=\"false\" Priority=\"65\" Name=\"Medium List 1\"></w:LsdException>\r\n  <w:LsdException Locked=\"false\" Priority=\"66\" Name=\"Medium List 2\"></w:LsdException>\r\n  <w:LsdException Locked=\"false\" Priority=\"67\" Name=\"Medium Grid 1\"></w:LsdException>\r\n  <w:LsdException Locked=\"false\" Priority=\"68\" Name=\"Medium Grid 2\"></w:LsdException>\r\n  <w:LsdException Locked=\"false\" Priority=\"69\" Name=\"Medium Grid 3\"></w:LsdException>\r\n  <w:LsdException Locked=\"false\" Priority=\"70\" Name=\"Dark List\"></w:LsdException>\r\n  <w:LsdException Locked=\"false\" Priority=\"71\" Name=\"Colorful Shading\"></w:LsdException>\r\n  <w:LsdException Locked=\"false\" Priority=\"72\" Name=\"Colorful List\"></w:LsdException>\r\n  <w:LsdException Locked=\"false\" Priority=\"73\" Name=\"Colorful Grid\"></w:LsdException>\r\n  <w:LsdException Locked=\"false\" Priority=\"60\" Name=\"Light Shading Accent 1\"></w:LsdException>\r\n  <w:LsdException Locked=\"false\" Priority=\"61\" Name=\"Light List Accent 1\"></w:LsdException>\r\n  <w:LsdException Locked=\"false\" Priority=\"62\" Name=\"Light Grid Accent 1\"></w:LsdException>\r\n  <w:LsdException Locked=\"false\" Priority=\"63\" Name=\"Medium Shading 1 Accent 1\"></w:LsdException>\r\n  <w:LsdException Locked=\"false\" Priority=\"64\" Name=\"Medium Shading 2 Accent 1\"></w:LsdException>\r\n  <w:LsdException Locked=\"false\" Priority=\"65\" Name=\"Medium List 1 Accent 1\"></w:LsdException>\r\n  <w:LsdException Locked=\"false\" SemiHidden=\"true\" Name=\"Revision\"></w:LsdException>\r\n  <w:LsdException Locked=\"false\" Priority=\"34\" QFormat=\"true\"\r\n   Name=\"List Paragraph\"></w:LsdException>\r\n  <w:LsdException Locked=\"false\" Priority=\"29\" QFormat=\"true\" Name=\"Quote\"></w:LsdException>\r\n  <w:LsdException Locked=\"false\" Priority=\"30\" QFormat=\"true\"\r\n   Name=\"Intense Quote\"></w:LsdException>\r\n  <w:LsdException Locked=\"false\" Priority=\"66\" Name=\"Medium List 2 Accent 1\"></w:LsdException>\r\n  <w:LsdException Locked=\"false\" Priority=\"67\" Name=\"Medium Grid 1 Accent 1\"></w:LsdException>\r\n  <w:LsdException Locked=\"false\" Priority=\"68\" Name=\"Medium Grid 2 Accent 1\"></w:LsdException>\r\n  <w:LsdException Locked=\"false\" Priority=\"69\" Name=\"Medium Grid 3 Accent 1\"></w:LsdException>\r\n  <w:LsdException Locked=\"false\" Priority=\"70\" Name=\"Dark List Accent 1\"></w:LsdException>\r\n  <w:LsdException Locked=\"false\" Priority=\"71\" Name=\"Colorful Shading Accent 1\"></w:LsdException>\r\n  <w:LsdException Locked=\"false\" Priority=\"72\" Name=\"Colorful List Accent 1\"></w:LsdException>\r\n  <w:LsdException Locked=\"false\" Priority=\"73\" Name=\"Colorful Grid Accent 1\"></w:LsdException>\r\n  <w:LsdException Locked=\"false\" Priority=\"60\" Name=\"Light Shading Accent 2\"></w:LsdException>\r\n  <w:LsdException Locked=\"false\" Priority=\"61\" Name=\"Light List Accent 2\"></w:LsdException>\r\n  <w:LsdException Locked=\"false\" Priority=\"62\" Name=\"Light Grid Accent 2\"></w:LsdException>\r\n  <w:LsdException Locked=\"false\" Priority=\"63\" Name=\"Medium Shading 1 Accent 2\"></w:LsdException>\r\n  <w:LsdException Locked=\"false\" Priority=\"64\" Name=\"Medium Shading 2 Accent 2\"></w:LsdException>\r\n  <w:LsdException Locked=\"false\" Priority=\"65\" Name=\"Medium List 1 Accent 2\"></w:LsdException>\r\n  <w:LsdException Locked=\"false\" Priority=\"66\" Name=\"Medium List 2 Accent 2\"></w:LsdException>\r\n  <w:LsdException Locked=\"false\" Priority=\"67\" Name=\"Medium Grid 1 Accent 2\"></w:LsdException>\r\n  <w:LsdException Locked=\"false\" Priority=\"68\" Name=\"Medium Grid 2 Accent 2\"></w:LsdException>\r\n  <w:LsdException Locked=\"false\" Priority=\"69\" Name=\"Medium Grid 3 Accent 2\"></w:LsdException>\r\n  <w:LsdException Locked=\"false\" Priority=\"70\" Name=\"Dark List Accent 2\"></w:LsdException>\r\n  <w:LsdException Locked=\"false\" Priority=\"71\" Name=\"Colorful Shading Accent 2\"></w:LsdException>\r\n  <w:LsdException Locked=\"false\" Priority=\"72\" Name=\"Colorful List Accent 2\"></w:LsdException>\r\n  <w:LsdException Locked=\"false\" Priority=\"73\" Name=\"Colorful Grid Accent 2\"></w:LsdException>\r\n  <w:LsdException Locked=\"false\" Priority=\"60\" Name=\"Light Shading Accent 3\"></w:LsdException>\r\n  <w:LsdException Locked=\"false\" Priority=\"61\" Name=\"Light List Accent 3\"></w:LsdException>\r\n  <w:LsdException Locked=\"false\" Priority=\"62\" Name=\"Light Grid Accent 3\"></w:LsdException>\r\n  <w:LsdException Locked=\"false\" Priority=\"63\" Name=\"Medium Shading 1 Accent 3\"></w:LsdException>\r\n  <w:LsdException Locked=\"false\" Priority=\"64\" Name=\"Medium Shading 2 Accent 3\"></w:LsdException>\r\n  <w:LsdException Locked=\"false\" Priority=\"65\" Name=\"Medium List 1 Accent 3\"></w:LsdException>\r\n  <w:LsdException Locked=\"false\" Priority=\"66\" Name=\"Medium List 2 Accent 3\"></w:LsdException>\r\n  <w:LsdException Locked=\"false\" Priority=\"67\" Name=\"Medium Grid 1 Accent 3\"></w:LsdException>\r\n  <w:LsdException Locked=\"false\" Priority=\"68\" Name=\"Medium Grid 2 Accent 3\"></w:LsdException>\r\n  <w:LsdException Locked=\"false\" Priority=\"69\" Name=\"Medium Grid 3 Accent 3\"></w:LsdException>\r\n  <w:LsdException Locked=\"false\" Priority=\"70\" Name=\"Dark List Accent 3\"></w:LsdException>\r\n  <w:LsdException Locked=\"false\" Priority=\"71\" Name=\"Colorful Shading Accent 3\"></w:LsdException>\r\n  <w:LsdException Locked=\"false\" Priority=\"72\" Name=\"Colorful List Accent 3\"></w:LsdException>\r\n  <w:LsdException Locked=\"false\" Priority=\"73\" Name=\"Colorful Grid Accent 3\"></w:LsdException>\r\n  <w:LsdException Locked=\"false\" Priority=\"60\" Name=\"Light Shading Accent 4\"></w:LsdException>\r\n  <w:LsdException Locked=\"false\" Priority=\"61\" Name=\"Light List Accent 4\"></w:LsdException>\r\n  <w:LsdException Locked=\"false\" Priority=\"62\" Name=\"Light Grid Accent 4\"></w:LsdException>\r\n  <w:LsdException Locked=\"false\" Priority=\"63\" Name=\"Medium Shading 1 Accent 4\"></w:LsdException>\r\n  <w:LsdException Locked=\"false\" Priority=\"64\" Name=\"Medium Shading 2 Accent 4\"></w:LsdException>\r\n  <w:LsdException Locked=\"false\" Priority=\"65\" Name=\"Medium List 1 Accent 4\"></w:LsdException>\r\n  <w:LsdException Locked=\"false\" Priority=\"66\" Name=\"Medium List 2 Accent 4\"></w:LsdException>\r\n  <w:LsdException Locked=\"false\" Priority=\"67\" Name=\"Medium Grid 1 Accent 4\"></w:LsdException>\r\n  <w:LsdException Locked=\"false\" Priority=\"68\" Name=\"Medium Grid 2 Accent 4\"></w:LsdException>\r\n  <w:LsdException Locked=\"false\" Priority=\"69\" Name=\"Medium Grid 3 Accent 4\"></w:LsdException>\r\n  <w:LsdException Locked=\"false\" Priority=\"70\" Name=\"Dark List Accent 4\"></w:LsdException>\r\n  <w:LsdException Locked=\"false\" Priority=\"71\" Name=\"Colorful Shading Accent 4\"></w:LsdException>\r\n  <w:LsdException Locked=\"false\" Priority=\"72\" Name=\"Colorful List Accent 4\"></w:LsdException>\r\n  <w:LsdException Locked=\"false\" Priority=\"73\" Name=\"Colorful Grid Accent 4\"></w:LsdException>\r\n  <w:LsdException Locked=\"false\" Priority=\"60\" Name=\"Light Shading Accent 5\"></w:LsdException>\r\n  <w:LsdException Locked=\"false\" Priority=\"61\" Name=\"Light List Accent 5\"></w:LsdException>\r\n  <w:LsdException Locked=\"false\" Priority=\"62\" Name=\"Light Grid Accent 5\"></w:LsdException>\r\n  <w:LsdException Locked=\"false\" Priority=\"63\" Name=\"Medium Shading 1 Accent 5\"></w:LsdException>\r\n  <w:LsdException Locked=\"false\" Priority=\"64\" Name=\"Medium Shading 2 Accent 5\"></w:LsdException>\r\n  <w:LsdException Locked=\"false\" Priority=\"65\" Name=\"Medium List 1 Accent 5\"></w:LsdException>\r\n  <w:LsdException Locked=\"false\" Priority=\"66\" Name=\"Medium List 2 Accent 5\"></w:LsdException>\r\n  <w:LsdException Locked=\"false\" Priority=\"67\" Name=\"Medium Grid 1 Accent 5\"></w:LsdException>\r\n  <w:LsdException Locked=\"false\" Priority=\"68\" Name=\"Medium Grid 2 Accent 5\"></w:LsdException>\r\n  <w:LsdException Locked=\"false\" Priority=\"69\" Name=\"Medium Grid 3 Accent 5\"></w:LsdException>\r\n  <w:LsdException Locked=\"false\" Priority=\"70\" Name=\"Dark List Accent 5\"></w:LsdException>\r\n  <w:LsdException Locked=\"false\" Priority=\"71\" Name=\"Colorful Shading Accent 5\"></w:LsdException>\r\n  <w:LsdException Locked=\"false\" Priority=\"72\" Name=\"Colorful List Accent 5\"></w:LsdException>\r\n  <w:LsdException Locked=\"false\" Priority=\"73\" Name=\"Colorful Grid Accent 5\"></w:LsdException>\r\n  <w:LsdException Locked=\"false\" Priority=\"60\" Name=\"Light Shading Accent 6\"></w:LsdException>\r\n  <w:LsdException Locked=\"false\" Priority=\"61\" Name=\"Light List Accent 6\"></w:LsdException>\r\n  <w:LsdException Locked=\"false\" Priority=\"62\" Name=\"Light Grid Accent 6\"></w:LsdException>\r\n  <w:LsdException Locked=\"false\" Priority=\"63\" Name=\"Medium Shading 1 Accent 6\"></w:LsdException>\r\n  <w:LsdException Locked=\"false\" Priority=\"64\" Name=\"Medium Shading 2 Accent 6\"></w:LsdException>\r\n  <w:LsdException Locked=\"false\" Priority=\"65\" Name=\"Medium List 1 Accent 6\"></w:LsdException>\r\n  <w:LsdException Locked=\"false\" Priority=\"66\" Name=\"Medium List 2 Accent 6\"></w:LsdException>\r\n  <w:LsdException Locked=\"false\" Priority=\"67\" Name=\"Medium Grid 1 Accent 6\"></w:LsdException>\r\n  <w:LsdException Locked=\"false\" Priority=\"68\" Name=\"Medium Grid 2 Accent 6\"></w:LsdException>\r\n  <w:LsdException Locked=\"false\" Priority=\"69\" Name=\"Medium Grid 3 Accent 6\"></w:LsdException>\r\n  <w:LsdException Locked=\"false\" Priority=\"70\" Name=\"Dark List Accent 6\"></w:LsdException>\r\n  <w:LsdException Locked=\"false\" Priority=\"71\" Name=\"Colorful Shading Accent 6\"></w:LsdException>\r\n  <w:LsdException Locked=\"false\" Priority=\"72\" Name=\"Colorful List Accent 6\"></w:LsdException>\r\n  <w:LsdException Locked=\"false\" Priority=\"73\" Name=\"Colorful Grid Accent 6\"></w:LsdException>\r\n  <w:LsdException Locked=\"false\" Priority=\"19\" QFormat=\"true\"\r\n   Name=\"Subtle Emphasis\"></w:LsdException>\r\n  <w:LsdException Locked=\"false\" Priority=\"21\" QFormat=\"true\"\r\n   Name=\"Intense Emphasis\"></w:LsdException>\r\n  <w:LsdException Locked=\"false\" Priority=\"31\" QFormat=\"true\"\r\n   Name=\"Subtle Reference\"></w:LsdException>\r\n  <w:LsdException Locked=\"false\" Priority=\"32\" QFormat=\"true\"\r\n   Name=\"Intense Reference\"></w:LsdException>\r\n  <w:LsdException Locked=\"false\" Priority=\"33\" QFormat=\"true\" Name=\"Book Title\"></w:LsdException>\r\n  <w:LsdException Locked=\"false\" Priority=\"37\" SemiHidden=\"true\"\r\n   UnhideWhenUsed=\"true\" Name=\"Bibliography\"></w:LsdException>\r\n  <w:LsdException Locked=\"false\" Priority=\"39\" SemiHidden=\"true\"\r\n   UnhideWhenUsed=\"true\" QFormat=\"true\" Name=\"TOC Heading\"></w:LsdException>\r\n  <w:LsdException Locked=\"false\" Priority=\"41\" Name=\"Plain Table 1\"></w:LsdException>\r\n  <w:LsdException Locked=\"false\" Priority=\"42\" Name=\"Plain Table 2\"></w:LsdException>\r\n  <w:LsdException Locked=\"false\" Priority=\"43\" Name=\"Plain Table 3\"></w:LsdException>\r\n  <w:LsdException Locked=\"false\" Priority=\"44\" Name=\"Plain Table 4\"></w:LsdException>\r\n  <w:LsdException Locked=\"false\" Priority=\"45\" Name=\"Plain Table 5\"></w:LsdException>\r\n  <w:LsdException Locked=\"false\" Priority=\"40\" Name=\"Grid Table Light\"></w:LsdException>\r\n  <w:LsdException Locked=\"false\" Priority=\"46\" Name=\"Grid Table 1 Light\"></w:LsdException>\r\n  <w:LsdException Locked=\"false\" Priority=\"47\" Name=\"Grid Table 2\"></w:LsdException>\r\n  <w:LsdException Locked=\"false\" Priority=\"48\" Name=\"Grid Table 3\"></w:LsdException>\r\n  <w:LsdException Locked=\"false\" Priority=\"49\" Name=\"Grid Table 4\"></w:LsdException>\r\n  <w:LsdException Locked=\"false\" Priority=\"50\" Name=\"Grid Table 5 Dark\"></w:LsdException>\r\n  <w:LsdException Locked=\"false\" Priority=\"51\" Name=\"Grid Table 6 Colorful\"></w:LsdException>\r\n  <w:LsdException Locked=\"false\" Priority=\"52\" Name=\"Grid Table 7 Colorful\"></w:LsdException>\r\n  <w:LsdException Locked=\"false\" Priority=\"46\"\r\n   Name=\"Grid Table 1 Light Accent 1\"></w:LsdException>\r\n  <w:LsdException Locked=\"false\" Priority=\"47\" Name=\"Grid Table 2 Accent 1\"></w:LsdException>\r\n  <w:LsdException Locked=\"false\" Priority=\"48\" Name=\"Grid Table 3 Accent 1\"></w:LsdException>\r\n  <w:LsdException Locked=\"false\" Priority=\"49\" Name=\"Grid Table 4 Accent 1\"></w:LsdException>\r\n  <w:LsdException Locked=\"false\" Priority=\"50\" Name=\"Grid Table 5 Dark Accent 1\"></w:LsdException>\r\n  <w:LsdException Locked=\"false\" Priority=\"51\"\r\n   Name=\"Grid Table 6 Colorful Accent 1\"></w:LsdException>\r\n  <w:LsdException Locked=\"false\" Priority=\"52\"\r\n   Name=\"Grid Table 7 Colorful Accent 1\"></w:LsdException>\r\n  <w:LsdException Locked=\"false\" Priority=\"46\"\r\n   Name=\"Grid Table 1 Light Accent 2\"></w:LsdException>\r\n  <w:LsdException Locked=\"false\" Priority=\"47\" Name=\"Grid Table 2 Accent 2\"></w:LsdException>\r\n  <w:LsdException Locked=\"false\" Priority=\"48\" Name=\"Grid Table 3 Accent 2\"></w:LsdException>\r\n  <w:LsdException Locked=\"false\" Priority=\"49\" Name=\"Grid Table 4 Accent 2\"></w:LsdException>\r\n  <w:LsdException Locked=\"false\" Priority=\"50\" Name=\"Grid Table 5 Dark Accent 2\"></w:LsdException>\r\n  <w:LsdException Locked=\"false\" Priority=\"51\"\r\n   Name=\"Grid Table 6 Colorful Accent 2\"></w:LsdException>\r\n  <w:LsdException Locked=\"false\" Priority=\"52\"\r\n   Name=\"Grid Table 7 Colorful Accent 2\"></w:LsdException>\r\n  <w:LsdException Locked=\"false\" Priority=\"46\"\r\n   Name=\"Grid Table 1 Light Accent 3\"></w:LsdException>\r\n  <w:LsdException Locked=\"false\" Priority=\"47\" Name=\"Grid Table 2 Accent 3\"></w:LsdException>\r\n  <w:LsdException Locked=\"false\" Priority=\"48\" Name=\"Grid Table 3 Accent 3\"></w:LsdException>\r\n  <w:LsdException Locked=\"false\" Priority=\"49\" Name=\"Grid Table 4 Accent 3\"></w:LsdException>\r\n  <w:LsdException Locked=\"false\" Priority=\"50\" Name=\"Grid Table 5 Dark Accent 3\"></w:LsdException>\r\n  <w:LsdException Locked=\"false\" Priority=\"51\"\r\n   Name=\"Grid Table 6 Colorful Accent 3\"></w:LsdException>\r\n  <w:LsdException Locked=\"false\" Priority=\"52\"\r\n   Name=\"Grid Table 7 Colorful Accent 3\"></w:LsdException>\r\n  <w:LsdException Locked=\"false\" Priority=\"46\"\r\n   Name=\"Grid Table 1 Light Accent 4\"></w:LsdException>\r\n  <w:LsdException Locked=\"false\" Priority=\"47\" Name=\"Grid Table 2 Accent 4\"></w:LsdException>\r\n  <w:LsdException Locked=\"false\" Priority=\"48\" Name=\"Grid Table 3 Accent 4\"></w:LsdException>\r\n  <w:LsdException Locked=\"false\" Priority=\"49\" Name=\"Grid Table 4 Accent 4\"></w:LsdException>\r\n  <w:LsdException Locked=\"false\" Priority=\"50\" Name=\"Grid Table 5 Dark Accent 4\"></w:LsdException>\r\n  <w:LsdException Locked=\"false\" Priority=\"51\"\r\n   Name=\"Grid Table 6 Colorful Accent 4\"></w:LsdException>\r\n  <w:LsdException Locked=\"false\" Priority=\"52\"\r\n   Name=\"Grid Table 7 Colorful Accent 4\"></w:LsdException>\r\n  <w:LsdException Locked=\"false\" Priority=\"46\"\r\n   Name=\"Grid Table 1 Light Accent 5\"></w:LsdException>\r\n  <w:LsdException Locked=\"false\" Priority=\"47\" Name=\"Grid Table 2 Accent 5\"></w:LsdException>\r\n  <w:LsdException Locked=\"false\" Priority=\"48\" Name=\"Grid Table 3 Accent 5\"></w:LsdException>\r\n  <w:LsdException Locked=\"false\" Priority=\"49\" Name=\"Grid Table 4 Accent 5\"></w:LsdException>\r\n  <w:LsdException Locked=\"false\" Priority=\"50\" Name=\"Grid Table 5 Dark Accent 5\"></w:LsdException>\r\n  <w:LsdException Locked=\"false\" Priority=\"51\"\r\n   Name=\"Grid Table 6 Colorful Accent 5\"></w:LsdException>\r\n  <w:LsdException Locked=\"false\" Priority=\"52\"\r\n   Name=\"Grid Table 7 Colorful Accent 5\"></w:LsdException>\r\n  <w:LsdException Locked=\"false\" Priority=\"46\"\r\n   Name=\"Grid Table 1 Light Accent 6\"></w:LsdException>\r\n  <w:LsdException Locked=\"false\" Priority=\"47\" Name=\"Grid Table 2 Accent 6\"></w:LsdException>\r\n  <w:LsdException Locked=\"false\" Priority=\"48\" Name=\"Grid Table 3 Accent 6\"></w:LsdException>\r\n  <w:LsdException Locked=\"false\" Priority=\"49\" Name=\"Grid Table 4 Accent 6\"></w:LsdException>\r\n  <w:LsdException Locked=\"false\" Priority=\"50\" Name=\"Grid Table 5 Dark Accent 6\"></w:LsdException>\r\n  <w:LsdException Locked=\"false\" Priority=\"51\"\r\n   Name=\"Grid Table 6 Colorful Accent 6\"></w:LsdException>\r\n  <w:LsdException Locked=\"false\" Priority=\"52\"\r\n   Name=\"Grid Table 7 Colorful Accent 6\"></w:LsdException>\r\n  <w:LsdException Locked=\"false\" Priority=\"46\" Name=\"List Table 1 Light\"></w:LsdException>\r\n  <w:LsdException Locked=\"false\" Priority=\"47\" Name=\"List Table 2\"></w:LsdException>\r\n  <w:LsdException Locked=\"false\" Priority=\"48\" Name=\"List Table 3\"></w:LsdException>\r\n  <w:LsdException Locked=\"false\" Priority=\"49\" Name=\"List Table 4\"></w:LsdException>\r\n  <w:LsdException Locked=\"false\" Priority=\"50\" Name=\"List Table 5 Dark\"></w:LsdException>\r\n  <w:LsdException Locked=\"false\" Priority=\"51\" Name=\"List Table 6 Colorful\"></w:LsdException>\r\n  <w:LsdException Locked=\"false\" Priority=\"52\" Name=\"List Table 7 Colorful\"></w:LsdException>\r\n  <w:LsdException Locked=\"false\" Priority=\"46\"\r\n   Name=\"List Table 1 Light Accent 1\"></w:LsdException>\r\n  <w:LsdException Locked=\"false\" Priority=\"47\" Name=\"List Table 2 Accent 1\"></w:LsdException>\r\n  <w:LsdException Locked=\"false\" Priority=\"48\" Name=\"List Table 3 Accent 1\"></w:LsdException>\r\n  <w:LsdException Locked=\"false\" Priority=\"49\" Name=\"List Table 4 Accent 1\"></w:LsdException>\r\n  <w:LsdException Locked=\"false\" Priority=\"50\" Name=\"List Table 5 Dark Accent 1\"></w:LsdException>\r\n  <w:LsdException Locked=\"false\" Priority=\"51\"\r\n   Name=\"List Table 6 Colorful Accent 1\"></w:LsdException>\r\n  <w:LsdException Locked=\"false\" Priority=\"52\"\r\n   Name=\"List Table 7 Colorful Accent 1\"></w:LsdException>\r\n  <w:LsdException Locked=\"false\" Priority=\"46\"\r\n   Name=\"List Table 1 Light Accent 2\"></w:LsdException>\r\n  <w:LsdException Locked=\"false\" Priority=\"47\" Name=\"List Table 2 Accent 2\"></w:LsdException>\r\n  <w:LsdException Locked=\"false\" Priority=\"48\" Name=\"List Table 3 Accent 2\"></w:LsdException>\r\n  <w:LsdException Locked=\"false\" Priority=\"49\" Name=\"List Table 4 Accent 2\"></w:LsdException>\r\n  <w:LsdException Locked=\"false\" Priority=\"50\" Name=\"List Table 5 Dark Accent 2\"></w:LsdException>\r\n  <w:LsdException Locked=\"false\" Priority=\"51\"\r\n   Name=\"List Table 6 Colorful Accent 2\"></w:LsdException>\r\n  <w:LsdException Locked=\"false\" Priority=\"52\"\r\n   Name=\"List Table 7 Colorful Accent 2\"></w:LsdException>\r\n  <w:LsdException Locked=\"false\" Priority=\"46\"\r\n   Name=\"List Table 1 Light Accent 3\"></w:LsdException>\r\n  <w:LsdException Locked=\"false\" Priority=\"47\" Name=\"List Table 2 Accent 3\"></w:LsdException>\r\n  <w:LsdException Locked=\"false\" Priority=\"48\" Name=\"List Table 3 Accent 3\"></w:LsdException>\r\n  <w:LsdException Locked=\"false\" Priority=\"49\" Name=\"List Table 4 Accent 3\"></w:LsdException>\r\n  <w:LsdException Locked=\"false\" Priority=\"50\" Name=\"List Table 5 Dark Accent 3\"></w:LsdException>\r\n  <w:LsdException Locked=\"false\" Priority=\"51\"\r\n   Name=\"List Table 6 Colorful Accent 3\"></w:LsdException>\r\n  <w:LsdException Locked=\"false\" Priority=\"52\"\r\n   Name=\"List Table 7 Colorful Accent 3\"></w:LsdException>\r\n  <w:LsdException Locked=\"false\" Priority=\"46\"\r\n   Name=\"List Table 1 Light Accent 4\"></w:LsdException>\r\n  <w:LsdException Locked=\"false\" Priority=\"47\" Name=\"List Table 2 Accent 4\"></w:LsdException>\r\n  <w:LsdException Locked=\"false\" Priority=\"48\" Name=\"List Table 3 Accent 4\"></w:LsdException>\r\n  <w:LsdException Locked=\"false\" Priority=\"49\" Name=\"List Table 4 Accent 4\"></w:LsdException>\r\n  <w:LsdException Locked=\"false\" Priority=\"50\" Name=\"List Table 5 Dark Accent 4\"></w:LsdException>\r\n  <w:LsdException Locked=\"false\" Priority=\"51\"\r\n   Name=\"List Table 6 Colorful Accent 4\"></w:LsdException>\r\n  <w:LsdException Locked=\"false\" Priority=\"52\"\r\n   Name=\"List Table 7 Colorful Accent 4\"></w:LsdException>\r\n  <w:LsdException Locked=\"false\" Priority=\"46\"\r\n   Name=\"List Table 1 Light Accent 5\"></w:LsdException>\r\n  <w:LsdException Locked=\"false\" Priority=\"47\" Name=\"List Table 2 Accent 5\"></w:LsdException>\r\n  <w:LsdException Locked=\"false\" Priority=\"48\" Name=\"List Table 3 Accent 5\"></w:LsdException>\r\n  <w:LsdException Locked=\"false\" Priority=\"49\" Name=\"List Table 4 Accent 5\"></w:LsdException>\r\n  <w:LsdException Locked=\"false\" Priority=\"50\" Name=\"List Table 5 Dark Accent 5\"></w:LsdException>\r\n  <w:LsdException Locked=\"false\" Priority=\"51\"\r\n   Name=\"List Table 6 Colorful Accent 5\"></w:LsdException>\r\n  <w:LsdException Locked=\"false\" Priority=\"52\"\r\n   Name=\"List Table 7 Colorful Accent 5\"></w:LsdException>\r\n  <w:LsdException Locked=\"false\" Priority=\"46\"\r\n   Name=\"List Table 1 Light Accent 6\"></w:LsdException>\r\n  <w:LsdException Locked=\"false\" Priority=\"47\" Name=\"List Table 2 Accent 6\"></w:LsdException>\r\n  <w:LsdException Locked=\"false\" Priority=\"48\" Name=\"List Table 3 Accent 6\"></w:LsdException>\r\n  <w:LsdException Locked=\"false\" Priority=\"49\" Name=\"List Table 4 Accent 6\"></w:LsdException>\r\n  <w:LsdException Locked=\"false\" Priority=\"50\" Name=\"List Table 5 Dark Accent 6\"></w:LsdException>\r\n  <w:LsdException Locked=\"false\" Priority=\"51\"\r\n   Name=\"List Table 6 Colorful Accent 6\"></w:LsdException>\r\n  <w:LsdException Locked=\"false\" Priority=\"52\"\r\n   Name=\"List Table 7 Colorful Accent 6\"></w:LsdException>\r\n </w:LatentStyles>\r\n</xml><![endif]--><!--[if gte mso 10]>\r\n<style>\r\n /* Style Definitions */\r\n table.MsoNormalTable\r\n	{mso-style-name:\"Normale Tabelle\";\r\n	mso-tstyle-rowband-size:0;\r\n	mso-tstyle-colband-size:0;\r\n	mso-style-noshow:yes;\r\n	mso-style-priority:99;\r\n	mso-style-parent:\"\";\r\n	mso-padding-alt:0cm 5.4pt 0cm 5.4pt;\r\n	mso-para-margin-top:0cm;\r\n	mso-para-margin-right:0cm;\r\n	mso-para-margin-bottom:6.0pt;\r\n	mso-para-margin-left:0cm;\r\n	mso-pagination:widow-orphan;\r\n	font-size:11.0pt;\r\n	font-family:\"Calibri\",sans-serif;\r\n	mso-bidi-font-family:\"Times New Roman\";\r\n	mso-fareast-language:EN-US;}\r\n</style>\r\n<![endif]--></p><p class=\"MsoNormal\"><span style=\"mso-bidi-font-family:Calibri;mso-bidi-theme-font:\r\nminor-latin;color:#262626;mso-themecolor:text1;mso-themetint:217\">Du erhältst\r\nin der Regel eine marktübliche prozentuale Beteiligung der bei uns eingehenden\r\nProvisionen. Da diese mitunter aufwandabhängig ist, besprechen wir dies direkt\r\nmit dir. Anders verhält es sich, wenn du ausschließlich unsere Online-Tarife\r\nnutzt. Lass uns am besten persönlich darüber reden!</span></p><p class=\"MsoNormal\"><span style=\"font-size:10.0pt;font-family:&quot;Open Sans&quot;;\r\nmso-fareast-font-family:Calibri;mso-fareast-theme-font:minor-latin;mso-bidi-font-family:\r\nCalibri;color:#676A6C;background:white;mso-ansi-language:DE;mso-fareast-language:\r\nEN-US;mso-bidi-language:AR-SA\"><br></span><o:p></o:p></p>', 1, NULL, NULL, NULL),
(5, 'Bekomme ich als Tippgeber auch Provisionen für Lebens- und Krankenversicherungen?', '<p class=\"MsoNormal\">Ja! Da eine Beratung in diesen Sparten in der Regel umfangreicher ist,\r\nsolltest du uns anrufen unter 05121 - 981460 oder uns eine E-Mail schreiben an: <span style=\"font-family:&quot;Segoe UI&quot;,sans-serif;mso-bidi-font-family:\r\n&quot;Times New Roman&quot;;mso-bidi-theme-font:minor-bidi;color:#262626;mso-themecolor:\r\ntext1;mso-themetint:217\"><a href=\"mailto:info@glv-tipp.de\">info@glv-tipp.de</a></span></p><p class=\"MsoNormal\">\r\n\r\n <o:p></o:p></p>', 1, NULL, NULL, NULL),
(6, 'Bekomme ich auch eine Tippgeberprovision auf meine eigenen Verträge?', '<p class=\"MsoNormal\">Nein! Der Vertragsinhaber (Versicherungsnehmer) und die\r\ntippgebende Person dürfen <b>nicht</b> identisch sein. Ein Abschluss ist natürlich\r\ndennoch möglich.&nbsp;<o:p></o:p></p>', 1, NULL, NULL, NULL),
(7, 'Bekomme ich eine Abrechnung zu meiner Provision?', '<p class=\"MsoNormal\">Ja! Im Rahmen einer ordentlichen\r\nkaufmännischen Betriebsführung und zu deiner Kontrolle erstellen wir dir monatlich eine Abrechnung.&nbsp;<o:p></o:p></p>', 1, NULL, NULL, NULL),
(8, 'Ich finde das, was ich suche, nicht auf eurem Portal?', '<p class=\"MsoNormal\">\r\n\r\n</p><p class=\"MsoNormal\"><span style=\"mso-bidi-font-family:Calibri;mso-bidi-theme-font:\r\nminor-latin;color:#262626;mso-themecolor:text1;mso-themetint:217\">Kein Problem!\r\nUnsere Kolleginnen und Kollegen stehen dir gern zur Verfügung. Wir finden eine\r\nLösung. </span></p>\r\n\r\n<p class=\"MsoNormal\"><span style=\"mso-bidi-font-family:Calibri;mso-bidi-theme-font:\r\nminor-latin;color:#262626;mso-themecolor:text1;mso-themetint:217\">Ruf uns\r\neinfach an unter 05121 - 981460 oder schreib uns eine E-Mail an: <a href=\"mailto:info@glv-tipp.de\">info@glv-tipp.de</a></span></p>', 1, NULL, NULL, NULL),
(9, 'Wann bekomme ich die Provision ausgezahlt?', '<p class=\"MsoNormal\">\r\n\r\n</p><p class=\"MsoNormal\"><span style=\"mso-bidi-font-family:Calibri;mso-bidi-theme-font:\r\nminor-latin;color:#262626;mso-themecolor:text1;mso-themetint:217\">Wenn wir die\r\nProvision vom Produktgeber erhalten haben, wird diese durch uns verarbeitet und du bekommst Deinen Anteil. Wir rechnen monatlich ab.</span></p>', 1, NULL, NULL, NULL);
INSERT INTO `faq` (`id`, `title`, `text`, `status`, `created_at`, `updated_at`, `deleted_at`) VALUES
(10, 'Ist die Tippgeberprovision einmalig?', '<span style=\"mso-bidi-font-family:Calibri;mso-bidi-theme-font:\r\nminor-latin;color:#262626;mso-themecolor:text1;mso-themetint:217\">Das kommt auf\r\ndas Produkt an. Vom Grundsatz her beteiligen wir dich an jedem\r\nProvisionseingang zu einem von dir gegebenen Tipp. Bei vielen Versicherungen\r\nerhalten wir eine laufende Provision, z. B. je Vertrag, einmal jährlich.</span><p class=\"MsoNormal\"><o:p><br></o:p>\r\n\r\n</p>', 1, NULL, NULL, NULL),
(11, 'Was passiert im Schadenfall?', '<p class=\"MsoNormal\">\r\n\r\n</p><p class=\"MsoNormal\">\r\n\r\n</p><p class=\"MsoNormal\"><span style=\"font-size:12.0pt;mso-bidi-font-size:11.0pt;\r\nmso-bidi-font-family:Calibri;mso-bidi-theme-font:minor-latin\">Im Schadenfall\r\nstehen wir dir selbstverständlich auch zur Verfügung. Du erreichst uns unter\r\n05121/98146-0 oder per E-Mail </span><span style=\"mso-fareast-font-family:Calibri;\r\nmso-bidi-font-family:Calibri;mso-bidi-theme-font:minor-latin;color:#262626;\r\nmso-themecolor:text1;mso-themetint:217\"><a href=\"mailto:schaden@glv-makler.de\">schaden@glv-makler.de</a>.</span></p><p class=\"MsoNormal\"><span style=\"font-size:12.0pt;\r\nmso-bidi-font-size:11.0pt;mso-bidi-font-family:Calibri;mso-bidi-theme-font:\r\nminor-latin\">Für eilige Fälle kannst du auch direkt mit der jeweiligen\r\nVersicherungsgesellschaft Kontakt aufnehmen.</span><span style=\"mso-fareast-font-family:Calibri;\r\nmso-bidi-font-family:Calibri;mso-bidi-theme-font:minor-latin;color:#262626;\r\nmso-themecolor:text1;mso-themetint:217\"><br></span></p>', 1, NULL, NULL, NULL),
(12, 'Wie kann ich zusätzlich vom Kontakt zu euch profitieren?', '<p class=\"MsoNormal\">\r\n\r\n</p><p class=\"MsoNormal\"><span style=\"font-size:12.0pt;mso-bidi-font-size:11.0pt;\r\nmso-bidi-font-family:Calibri;mso-bidi-theme-font:minor-latin\">Wir erhalten\r\nnicht nur für einen Versicherungsvertragsabschluss eine Provision, die </span><span style=\"font-size:12.0pt;mso-bidi-font-size:11.0pt;\r\nmso-bidi-font-family:Calibri;mso-bidi-theme-font:minor-latin\">wir anteilig an\r\ndich weitergeben, sondern in der Regel auch für die Übernahme und Betreuung eines bestehenden Versicherungsvertrages. Du kannst also auch als Tippgeber agieren für die\r\nBetreuung/Verwaltung von Versicherungsverträgen und dafür eine Provision\r\nerhalten.</span></p><p class=\"MsoNormal\">\r\n\r\n</p><p class=\"MsoNormal\"><span style=\"font-size:12.0pt;mso-bidi-font-size:11.0pt;\r\nmso-bidi-font-family:Calibri;mso-bidi-theme-font:minor-latin\">Klingt gut? Dann\r\nruf uns einfach an 05121 – 981460 oder <br>schreib uns eine E-Mail <a href=\"mailto:info@glv-tipp.de\">info@glv-tipp.de</a></span></p>', 1, NULL, NULL, NULL),
(13, 'Kann ich euch persönlich besuchen?', '<span style=\"mso-bidi-font-family:Calibri;mso-bidi-theme-font:\r\nminor-latin;color:#262626;mso-themecolor:text1;mso-themetint:217\">Ja klar! Wir\r\nsind keine anonyme Internet-Plattform in einem Büro-Turm sondern Menschen aus\r\nFleisch und Blut. Wir sitzen im schönen Hildesheim mitten im Zentrum. Komm doch\r\nmal auf eine Tasse Kaffee vorbei!</span><p class=\"MsoNormal\">\r\n\r\n<br></p><p class=\"MsoNormal\"><o:p></o:p></p>', 1, NULL, NULL, NULL),
(14, 'Ich interessiere mich für eine Mitarbeit in eurem Team oder auch für einen beruflichen Einstieg als Versicherungsvermittler – kann ich mich bei Euch bewerben?', '<span style=\"mso-bidi-font-family:Calibri;mso-bidi-theme-font:\r\nminor-latin;color:#262626;mso-themecolor:text1;mso-themetint:217\">Sehr gerne!\r\nWir suchen immer kompetente Leute und wachsen aktuell schnell – schick uns\r\neinfach deine Bewerbungsunterlagen. Übrigens können wir dir auch bei einem\r\nBranchen-Einstieg helfen.</span><p><!--[if gte mso 10]>\r\n<style>\r\n /* Style Definitions */\r\n table.MsoNormalTable\r\n	{mso-style-name:\"Normale Tabelle\";\r\n	mso-tstyle-rowband-size:0;\r\n	mso-tstyle-colband-size:0;\r\n	mso-style-noshow:yes;\r\n	mso-style-priority:99;\r\n	mso-style-parent:\"\";\r\n	mso-padding-alt:0cm 5.4pt 0cm 5.4pt;\r\n	mso-para-margin:0cm;\r\n	mso-para-margin-bottom:.0001pt;\r\n	mso-pagination:widow-orphan;\r\n	font-size:11.0pt;\r\n	font-family:\"Calibri\",sans-serif;\r\n	mso-ascii-font-family:Calibri;\r\n	mso-ascii-theme-font:minor-latin;\r\n	mso-hansi-font-family:Calibri;\r\n	mso-hansi-theme-font:minor-latin;\r\n	mso-bidi-font-family:\"Times New Roman\";\r\n	mso-bidi-theme-font:minor-bidi;\r\n	mso-fareast-language:EN-US;}\r\n</style>\r\n<![endif]--></p>', 1, NULL, NULL, NULL),
(15, 'Was passiert mit den Kunden und Verträgen wenn ich selber Versicherungsmakler werden sollte?', '<span style=\"font-size:12.0pt;mso-bidi-font-size:11.0pt\">Das\r\nist überhaupt kein Problem. Du kannst gern weiterhin mit uns zusammenarbeiten\r\noder deine Kontakte mit deren Einwilligung auf dich übertragen lassen.</span><p class=\"MsoNormal\"><o:p><br></o:p></p>', 1, NULL, NULL, NULL);

-- --------------------------------------------------------

--
-- Tabellenstruktur für Tabelle `home_portal`
--

CREATE TABLE `home_portal` (
  `id` int(11) NOT NULL,
  `category_id` int(11) DEFAULT NULL,
  `special_tipps` tinyint(1) NOT NULL DEFAULT 0,
  `logo` varchar(255) DEFAULT NULL,
  `title` varchar(255) DEFAULT NULL,
  `decription` longtext DEFAULT NULL,
  `price` varchar(255) DEFAULT NULL,
  `sub_price` varchar(255) DEFAULT NULL,
  `color` varchar(255) DEFAULT NULL,
  `model` tinyint(1) NOT NULL DEFAULT 0,
  `b_btn_text` varchar(255) DEFAULT NULL,
  `b_btn_text_2` varchar(255) DEFAULT NULL,
  `b_btn_text_3` varchar(255) DEFAULT NULL,
  `b_btn_url` varchar(255) DEFAULT NULL,
  `g_btn_text` varchar(255) DEFAULT NULL,
  `g_btn_text_2` varchar(255) DEFAULT NULL,
  `g_btn_text_3` varchar(255) DEFAULT NULL,
  `g_btn_url` varchar(255) DEFAULT NULL,
  `btn_iframe` longtext DEFAULT NULL,
  `s_b_btn_text` varchar(255) DEFAULT NULL,
  `s_b_btn_text_2` varchar(255) DEFAULT NULL,
  `s_b_btn_text_3` varchar(255) DEFAULT NULL,
  `s_g_btn_text` varchar(255) DEFAULT NULL,
  `s_g_btn_text_2` varchar(255) DEFAULT NULL,
  `s_g_btn_text_3` varchar(255) DEFAULT NULL,
  `m_description` longtext DEFAULT NULL,
  `check_internal_frame` tinyint(1) NOT NULL DEFAULT 0,
  `active` tinyint(4) NOT NULL DEFAULT 0,
  `document` text DEFAULT NULL,
  `created_at` datetime DEFAULT NULL,
  `updated_at` datetime DEFAULT NULL,
  `deleted_at` datetime DEFAULT NULL
) ENGINE=InnoDB DEFAULT CHARSET=latin1;

--
-- Daten für Tabelle `home_portal`
--

INSERT INTO `home_portal` (`id`, `category_id`, `special_tipps`, `logo`, `title`, `decription`, `price`, `sub_price`, `color`, `model`, `b_btn_text`, `b_btn_text_2`, `b_btn_text_3`, `b_btn_url`, `g_btn_text`, `g_btn_text_2`, `g_btn_text_3`, `g_btn_url`, `btn_iframe`, `s_b_btn_text`, `s_b_btn_text_2`, `s_b_btn_text_3`, `s_g_btn_text`, `s_g_btn_text_2`, `s_g_btn_text_3`, `m_description`, `check_internal_frame`, `active`, `document`, `created_at`, `updated_at`, `deleted_at`) VALUES
(1, 5, 1, 'aYxPfzHEn2.png', 'Vorlage!! Vergleichs- und Abschlussrechner', 'Namens paarmal nie Tundra Doge Afrika, erhielt Diele Bar siech patrouillierendem Adorno.', '49,- €', 'p. A.', '#d2dfa8', 0, 'EMPFEHLEN<br>und', 'Provision', 'erhalten', NULL, 'UNVERBINDLICH BERECHNEN<br>', 'ohne Provision', NULL, 'https://www.mr-money.de/cookievgl.php?sp=bau&id=00207581', '<iframe id=\"mrmoFrame\" scrolling=\"no\" border=\"0\" style=\"border: 0px; height: 1523px;\" src=\"https://www.mr-money.de/cookievgl.php?sp=bau&id=00207581\" width=\"700\"></iframe>\r\n<script type=\"text/javascript\">  var mrmoScrollToViewport = 1;var mrmoScrollToViewportOffset = -20;</script>\r\n<script type=\"text/javascript\" src=\"https://www.mr-money.de/iframeControls.js\"></script>', 'EMPFEHLEN<br>und', 'Provision', 'erhalten', 'BERECHNEN<br>und', 'Provision', 'erhalten', '<h4>STERBEGELDVERSICHERUNG</h4>\r\n                                    <h5>Hier steht noch eine Subheadline zumProdukt</h5>\r\n                                    <p>Blindtext Blindtext Blindtext</p>\r\n                                    <ol>\r\n                                        <li>Erster Schrider Aufzählung.</li>\r\n                                        <li>Zweiter Schri der Aufzählung.</li>\r\n                                        <li>Drier Schri der Aufzählung.\r\n                                            <ul>\r\n                                                <li>Erster Schrider Aufzählung.</li>\r\n                                        <li>Zweiter Schri der Aufzählung.</li>\r\n                                        <li>Drier Schri der Aufzählung.</li>\r\n                                            </ul>\r\n                                        </li>\r\n                                        <li>Vierter Schrider Aufzählung.BlindtextBlindtext Blindtext</li>\r\n                                        <li>Erster Schrider zweiten Aufzählung.</li>\r\n                                        <li>Zweiter Schrider zweiten Aufzählung.</li>\r\n                                        <li>Drier Schrider zweiten Aufzählung.\r\n                                            <ul>\r\n                                                <li>Erster Punkt einer „ungeordneten“ eingeschobenen Liste.</li>\r\n                                                <li>Zweiter Punkt einer „ungeordneten“ eingeschobenen Liste.</li>\r\n                                                <li>Drier Punkt einer „ungeordneten“ eingeschobenen Liste.</li>\r\n                                            </ul>\r\n                                        </li>\r\n                                    </ol>', 1, 0, '', '2021-09-28 09:59:25', '2022-04-19 09:17:16', NULL),
(2, 1, 1, 'Whil8zGSUd.jpg', 'Test Rockit', 'Test RockitTest RockitTest RockitTest RockitTest RockitTest RockitTest Rockit', '49,- €', 'p. A.', '#c6c6c6', 1, 'EMPFEHLEN <br>und', 'Provision', 'erhalten', NULL, 'UNVERBINDLICH BERECHNEN <br>', 'ohne Provision', NULL, 'https://www.mr-money.de/cookievgl.php?sp=phv&id=00207581', '<iframe id=\"mrmoFrame\" scrolling=\"no\" border=\"0\" style=\"border: 0px; height: 1311px;\" src=\"https://www.mr-money.de/cookievgl.php?sp=phv&id=00207581\" width=\"700\"></iframe>\r\n<script type=\"text/javascript\">\r\n    var mrmoScrollToViewport = 1;\r\n    var mrmoScrollToViewportOffset = -20;\r\n</script>\r\n<script type=\"text/javascript\" src=\"https://www.mr-money.de/iframeControls.js\"></script>', 'EMPFEHLEN<br>und', 'Provision', 'erhalten', 'BERECHNEN<br>und', 'Provision', 'erhalten', '<h4>STERBEGELDVERSICHERUNG</h4>\r\n	<h5>Hier steht noch eine Subheadline zumProdukt</h5>\r\n	<p>Blindtext Blindtext Blindtext</p>\r\n	<ol>\r\n	<li>Erster Schrider Aufzählung.</li>\r\n	<li>Zweiter Schri der Aufzählung.</li>\r\n	<li>Drier Schri der Aufzählung.\r\n	<ul>\r\n	<li>Erster Schrider Aufzählung.</li>\r\n	<li>Zweiter Schri der Aufzählung.</li>\r\n	<li>Drier Schri der Aufzählung.</li>\r\n	</ul>\r\n	</li>\r\n	<li>Vierter Schrider Aufzählung.BlindtextBlindtext Blindtext</li>\r\n	<li>Erster Schrider zweiten Aufzählung.</li>\r\n	<li>Zweiter Schrider zweiten Aufzählung.</li>\r\n	<li>Drier Schrider zweiten Aufzählung.\r\n	<ul>\r\n	<li>Erster Punkt einer „ungeordneten“ eingeschobenen Liste.</li>\r\n	<li>Zweiter Punkt einer „ungeordneten“ eingeschobenen Liste.</li>\r\n	<li>Drier Punkt einer „ungeordneten“ eingeschobenen Liste.</li>\r\n	</ul>\r\n	</li>\r\n	</ol>', 1, 0, '[\"0s2NgpDYsx.pdf\"]', '2021-10-01 09:25:30', '2022-04-19 09:17:26', NULL),
(4, 4, 1, 'o5OXBPdza1.png', 'mychargerprotect', 'Allgefahren und Haftpflicht für Ladesäulen und Wallboxen', '142,80 €', 'je Ladesäule/Wallbox', '#fad6df', 1, 'EMPFEHLEN<br>und', 'Provision', 'erhalten', NULL, 'UNVERBINDLICH BERECHNEN<br>', 'ohne Provision', NULL, 'https://mychargerprotect.de/#/product-detail', '<iframe id=\"mrmoFrame\" scrolling=\"no\" border=\"0\" style=\"border: 0px; height: 1523px;\" src=\"https://mychargerprotect.de/#/product-detail\" width=\"100%\"></iframe>', 'EMPFEHLEN<br>und', 'Provision', 'erhalten', 'BERECHNEN<br>und', 'Provision', 'erhalten', '<p><br></p><p>Allgefahren- und Haftpflichtversicherung für Ladesäulen und Wallboxen</p><p>Je Ladesäule/Wallbox</p><p>Ein Antrag – doppelter Schutz</p><p>Haftpflichtversicherung (5 Mio. €)</p>', 1, 1, '', '2021-11-19 04:46:42', '2022-04-19 09:18:03', NULL),
(5, 4, 1, 'VKviyO0PIi.png', 'Photovoltaikversicherung mit Wechselrichter-Garantie', 'mit echter Garantie für Wechselrichter bis 10 Jahre', 'ab 47,60', 'p.a.', '#fad6df', 1, 'EMPFEHLEN<br>und', 'Provision', 'erhalten', NULL, 'UNVERBINDLICH BERECHNEN<br>', 'ohne Provision', NULL, 'https://taa.mailo.de/formular/C11Y2731B062558270/one?vermittlerNr=256956', '<iframe id=\"mrmoFrame\" scrolling=\"no\" border=\"0\" style=\"border: 0px; height: 1523px; background-color: white;\" src=\"https://taa.mailo.de/formular/C11Y2731B062558270/one?vermittlerNr=256956\" width=\"100%\"></iframe>', 'EMPFEHLEN<br>und', 'Provision', 'erhalten', 'BERECHNEN<br>und', 'Provision', 'erhalten', '<p>Elektronikversicherung und Ertragsausfall<br></p><p>Echte Garantie für Wechselrichter bis 10 Jahre</p><p>Ladestationen und Wallboxen einschließbar</p><p>Betreiberhaftpflicht einschließbar</p><p>Speichersysteme einschließbar<br><br></p>', 1, 1, '', '2021-11-29 16:25:28', '2022-04-25 05:07:52', NULL),
(6, 1, 1, 'jdPffFrBVr.png', 'Hausratversicherung', 'Finde hier den richtigen Tarif im Vergleich!', NULL, NULL, '#c6c6c6', 1, 'EMPFEHLEN<br>und', 'Provision', 'erhalten', NULL, 'BERECHNEN<br>', 'und Provision erhalten', NULL, 'https://www.mr-money.de/cookievgl.php?sp=hr&id=00207581', '<iframe id=\"mrmoFrame\" scrolling=\"no\" border=\"0\" style=\"border: 0px; height: 1523px;\" src=\"https://www.mr-money.de/cookievgl.php?sp=hr&id=00207581\" width=\"700\"></iframe>\r\n<script type=\"text/javascript\">  var mrmoScrollToViewport = 1;var mrmoScrollToViewportOffset = -20;</script>\r\n<script type=\"text/javascript\" src=\"https://www.mr-money.de/iframeControls.js\"></script>', 'EMPFEHLEN<br>und', 'Provision', 'erhalten', 'BERECHNEN<br>und', 'Provision', 'erhalten', NULL, 1, 1, '', '2021-09-28 09:59:25', '2022-04-19 09:18:22', NULL),
(7, 1, 1, 'dAf0msEImR.png', 'Bauherrenhaftpflicht/Bauleistung', 'Finde hier den richtigen Tarif im Vergleich!', NULL, NULL, '#c6c6c6', 1, 'EMPFEHLEN<br>und', 'Provision', 'erhalten', NULL, 'UNVERBINDLICH BERECHNEN<br>', 'ohne Provision', NULL, 'https://www.mr-money.de/cookievgl.php?sp=bau&id=00207581', '<iframe id=\"mrmoFrame\" scrolling=\"no\" border=\"0\" style=\"border: 0px; height: 1523px;\" src=\"https://www.mr-money.de/cookievgl.php?sp=bau&id=00207581\" width=\"700\"></iframe>\r\n<script type=\"text/javascript\">  var mrmoScrollToViewport = 1;var mrmoScrollToViewportOffset = -20;</script>\r\n<script type=\"text/javascript\" src=\"https://www.mr-money.de/iframeControls.js\"></script>', 'EMPFEHLEN<br>und', 'Provision', 'erhalten', 'BERECHNEN<br>und', 'Provision', 'erhalten', NULL, 1, 1, '', '2021-09-28 09:59:25', '2022-04-19 09:18:32', NULL),
(8, 1, 1, '4Fvq3YuS3j.png', 'Haus- und Grundbesitzerhaftpflicht', 'Finde hier den richtigen Tarif im Vergleich!', NULL, NULL, '#c6c6c6', 1, 'EMPFEHLEN<br>und', 'Provision', 'erhalten', NULL, 'UNVERBINDLICH BERECHNEN<br>', 'ohne Provision', NULL, 'https://www.mr-money.de/cookievgl.php?sp=hug&id=00207581', '<iframe id=\"mrmoFrame\" scrolling=\"no\" border=\"0\" style=\"border: 0px; height: 1523px;\" src=\"https://www.mr-money.de/cookievgl.php?sp=hug&id=00207581\" width=\"700\"></iframe>\r\n<script type=\"text/javascript\">  var mrmoScrollToViewport = 1;var mrmoScrollToViewportOffset = -20;</script>\r\n<script type=\"text/javascript\" src=\"https://www.mr-money.de/iframeControls.js\"></script>', 'EMPFEHLEN<br>und', 'Provision', 'erhalten', 'BERECHNEN<br>und', 'Provision', 'erhalten', NULL, 1, 1, '', '2021-09-28 09:59:25', '2022-04-19 09:18:41', NULL),
(9, 1, 1, 'owCWK6hXtZ.png', 'Gewässerschadenhaftpflicht', 'Finde hier den richtigen Tarif im Vergleich!', NULL, NULL, '#c6c6c6', 1, 'EMPFEHLEN<br>und', 'Provision', 'erhalten', NULL, 'UNVERBINDLICH BERECHNEN<br>', 'ohne Provision', NULL, 'https://www.mr-money.de/cookievgl.php?sp=oel&id=00207581', '<iframe id=\"mrmoFrame\" scrolling=\"no\" border=\"0\" style=\"border: 0px; height: 1523px;\" src=\"https://www.mr-money.de/cookievgl.php?sp=oel&id=00207581\" width=\"700\"></iframe>\r\n<script type=\"text/javascript\">  var mrmoScrollToViewport = 1;var mrmoScrollToViewportOffset = -20;</script>\r\n<script type=\"text/javascript\" src=\"https://www.mr-money.de/iframeControls.js\"></script>', 'EMPFEHLEN<br>und', 'Provision', 'erhalten', 'BERECHNEN<br>und', 'Provision', 'erhalten', NULL, 1, 1, '', '2021-09-28 09:59:25', '2022-04-25 04:57:11', NULL),
(10, 1, 1, 'R2jXleN5gT.png', 'Privathaftpflicht', 'Finde hier den richtigen Tarif im Vergleich!', NULL, NULL, '#c6c6c6', 1, 'EMPFEHLEN<br>und', 'Provision', 'erhalten', NULL, 'UNVERBINDLICH BERECHNEN<br>', 'ohne Provision', NULL, 'https://www.mr-money.de/cookievgl.php?sp=phv&id=00207581', '<iframe id=\"mrmoFrame\" scrolling=\"no\" border=\"0\" style=\"border: 0px; height: 1523px;\" src=\"https://www.mr-money.de/cookievgl.php?sp=phv&id=00207581\" width=\"700\"></iframe>\r\n<script type=\"text/javascript\">  var mrmoScrollToViewport = 1;var mrmoScrollToViewportOffset = -20;</script>\r\n<script type=\"text/javascript\" src=\"https://www.mr-money.de/iframeControls.js\"></script>', 'EMPFEHLEN<br>und', 'Provision', 'erhalten', 'BERECHNEN<br>und', 'Provision', 'erhalten', NULL, 1, 1, '', '2021-09-28 09:59:25', '2022-04-25 04:56:51', NULL),
(11, 1, 1, 'it70HEdggi.png', 'Photovoltaik', 'Finde hier den richtigen Tarif im Vergleich!', NULL, NULL, '#c6c6c6', 1, 'EMPFEHLEN<br>und', 'Provision', 'erhalten', NULL, 'UNVERBINDLICH BERECHNEN<br>', 'ohne Provision', NULL, 'https://www.mr-money.de/cookievgl.php?sp=pho&id=00207581', '<iframe id=\"mrmoFrame\" scrolling=\"no\" border=\"0\" style=\"border: 0px; height: 1523px;\" src=\"https://www.mr-money.de/cookievgl.php?sp=pho&id=00207581\" width=\"700\"></iframe>\r\n<script type=\"text/javascript\">  var mrmoScrollToViewport = 1;var mrmoScrollToViewportOffset = -20;</script>\r\n<script type=\"text/javascript\" src=\"https://www.mr-money.de/iframeControls.js\"></script>', 'EMPFEHLEN<br>und', 'Provision', 'erhalten', 'BERECHNEN<br>und', 'Provision', 'erhalten', NULL, 1, 1, '', '2021-09-28 09:59:25', '2022-04-25 04:56:29', NULL),
(12, 1, 1, 'H05HvAcVkn.png', 'Rechtsschutz', 'Finde hier den richtigen Tarif im Vergleich!', NULL, NULL, '#c6c6c6', 1, 'EMPFEHLEN<br>und', 'Provision', 'erhalten', NULL, 'UNVERBINDLICH BERECHNEN<br>', 'ohne Provision', NULL, 'https://www.mr-money.de/cookievgl.php?sp=rs&id=00207581', '<iframe id=\"mrmoFrame\" scrolling=\"no\" border=\"0\" style=\"border: 0px; height: 1523px;\" src=\"https://www.mr-money.de/cookievgl.php?sp=rs&id=00207581\" width=\"700\"></iframe>\r\n<script type=\"text/javascript\">  var mrmoScrollToViewport = 1;var mrmoScrollToViewportOffset = -20;</script>\r\n<script type=\"text/javascript\" src=\"https://www.mr-money.de/iframeControls.js\"></script>', 'EMPFEHLEN<br>und', 'Provision', 'erhalten', 'BERECHNEN<br>und', 'Provision', 'erhalten', NULL, 1, 1, '', '2021-09-28 09:59:25', '2022-04-25 04:55:54', NULL),
(13, 5, 1, '3NwvyfuX50.png', 'Tierhalter-Haftpflicht', 'Finde hier den richtigen Tarif im Vergleich!', NULL, NULL, '#d2dfa8', 1, 'EMPFEHLEN<br>und', 'Provision', 'erhalten', NULL, 'UNVERBINDLICH BERECHNEN<br>', 'ohne Provision', NULL, 'https://www.mr-money.de/cookievgl.php?sp=tie&id=00207581', '<iframe id=\"mrmoFrame\" scrolling=\"no\" border=\"0\" style=\"border: 0px; height: 1523px;\" src=\"https://www.mr-money.de/cookievgl.php?sp=tie&id=00207581\" width=\"700\"></iframe>\r\n<script type=\"text/javascript\">  var mrmoScrollToViewport = 1;var mrmoScrollToViewportOffset = -20;</script>\r\n<script type=\"text/javascript\" src=\"https://www.mr-money.de/iframeControls.js\"></script>', 'EMPFEHLEN<br>und', 'Provision', 'erhalten', 'BERECHNEN<br>und', 'Provision', 'erhalten', NULL, 1, 1, '', '2021-09-28 09:59:25', '2022-04-25 04:55:25', NULL),
(14, 5, 1, 'qSFhm5z4h5.png', 'Hundekranken/OP', 'Finde hier den richtigen Tarif im Vergleich!', '49,- €', 'p. A.', '#d2dfa8', 1, 'EMPFEHLEN<br>und', 'Provision', 'erhalten', NULL, 'UNVERBINDLICH BERECHNEN<br>', 'ohne Provision', NULL, 'https://www.mr-money.de/cookievgl.php?sp=tkv&id=00207581', '<iframe id=\"mrmoFrame\" scrolling=\"no\" border=\"0\" style=\"border: 0px; height: 1523px;\" src=\"https://www.mr-money.de/cookievgl.php?sp=tkv&id=00207581\" width=\"700\"></iframe>\r\n<script type=\"text/javascript\">  var mrmoScrollToViewport = 1;var mrmoScrollToViewportOffset = -20;</script>\r\n<script type=\"text/javascript\" src=\"https://www.mr-money.de/iframeControls.js\"></script>', 'EMPFEHLEN<br>und', 'Provision', 'erhalten', 'BERECHNEN<br>und', 'Provision', 'erhalten', 'Wahlweise kann hier entweder eine Krankenversicherung oder eine OP-Kosten-Versicherung berechnet werden.', 1, 1, '', '2021-09-28 09:59:25', '2022-04-25 04:54:40', NULL),
(15, 5, 1, 'RtHZhYXM2Z.png', 'Pferdekranken', 'Finde hier den richtigen Tarif im Vergleich!', NULL, NULL, '#d2dfa8', 1, 'EMPFEHLEN<br>und', 'Provision', 'erhalten', NULL, 'UNVERBINDLICH BERECHNEN<br>', 'ohne Provision', NULL, 'https://www.mr-money.de/cookievgl.php?sp=tkvp&id=00207581', '<iframe id=\"mrmoFrame\" scrolling=\"no\" border=\"0\" style=\"border: 0px; height: 1523px;\" src=\"https://www.mr-money.de/cookievgl.php?sp=tkvp&id=00207581\" width=\"700\"></iframe>\r\n<script type=\"text/javascript\">  var mrmoScrollToViewport = 1;var mrmoScrollToViewportOffset = -20;</script>\r\n<script type=\"text/javascript\" src=\"https://www.mr-money.de/iframeControls.js\"></script>', 'EMPFEHLEN<br>und', 'Provision', 'erhalten', 'BERECHNEN<br>und', 'Provision', 'erhalten', 'Abschließbar für private und gewerbliche Nutzung als auch für aktive Rennpferde.', 1, 1, '', '2021-09-28 09:59:25', '2022-04-25 04:54:11', NULL),
(16, 1, 1, 'oF51lhjg48.png', 'Unfall', 'Finde hier den richtigen Tarif im Vergleich!', NULL, NULL, '#c6c6c6', 1, 'EMPFEHLEN<br>und', 'Provision', 'erhalten', NULL, 'UNVERBINDLICH BERECHNEN<br>', 'ohne Provision', NULL, 'https://www.mr-money.de/cookievgl.php?sp=unf&id=00207581', '<iframe id=\"mrmoFrame\" scrolling=\"no\" border=\"0\" style=\"border: 0px; height: 1523px;\" src=\"https://www.mr-money.de/cookievgl.php?sp=unf&id=00207581\" width=\"700\"></iframe>\r\n<script type=\"text/javascript\">  var mrmoScrollToViewport = 1;var mrmoScrollToViewportOffset = -20;</script>\r\n<script type=\"text/javascript\" src=\"https://www.mr-money.de/iframeControls.js\"></script>', 'EMPFEHLEN<br>und', 'Provision', 'erhalten', 'BERECHNEN<br>und', 'Provision', 'erhalten', NULL, 1, 1, '', '2021-09-28 09:59:25', '2022-04-25 04:53:38', NULL),
(17, 1, 1, 'vCId3ZUbgU.png', 'Wohngebäude', 'Finde hier den richtigen Tarif im Vergleich!', NULL, NULL, '#c6c6c6', 1, 'EMPFEHLEN<br>und', 'Provision', 'erhalten', NULL, 'UNVERBINDLICH BERECHNEN<br>', 'ohne Provision', NULL, 'https://www.mr-money.de/cookievgl.php?sp=wg&id=00207581', '<iframe id=\"mrmoFrame\" scrolling=\"no\" border=\"0\" style=\"border: 0px; height: 1523px;\" src=\"https://www.mr-money.de/cookievgl.php?sp=wg&id=00207581\" width=\"700\"></iframe>\r\n<script type=\"text/javascript\">  var mrmoScrollToViewport = 1;var mrmoScrollToViewportOffset = -20;</script>\r\n<script type=\"text/javascript\" src=\"https://www.mr-money.de/iframeControls.js\"></script>', 'EMPFEHLEN<br>und', 'Provision', 'erhalten', 'BERECHNEN<br>und', 'Provision', 'erhalten', NULL, 1, 1, '', '2021-09-28 09:59:25', '2022-04-25 04:53:06', NULL),
(18, 1, 1, 'QB9GjTrcqB.png', 'Feuerrohbau', 'Finde hier den richtigen Tarif im Vergleich!', NULL, NULL, '#c6c6c6', 1, 'EMPFEHLEN<br>und', 'Provision', 'erhalten', NULL, 'UNVERBINDLICH BERECHNEN<br>', 'ohne Provision', NULL, 'https://www.mr-money.de/cookievgl.php?sp=feu&id=00207581', '<iframe id=\"mrmoFrame\" scrolling=\"no\" border=\"0\" style=\"border: 0px; height: 1523px;\" src=\"https://www.mr-money.de/cookievgl.php?sp=feu&id=00207581\" width=\"700\"></iframe>\r\n<script type=\"text/javascript\">  var mrmoScrollToViewport = 1;var mrmoScrollToViewportOffset = -20;</script>\r\n<script type=\"text/javascript\" src=\"https://www.mr-money.de/iframeControls.js\"></script>', 'EMPFEHLEN<br>und', 'Provision', 'erhalten', 'BERECHNEN<br>und', 'Provision', 'erhalten', NULL, 1, 1, '', '2021-09-28 09:59:25', '2022-04-25 04:52:30', NULL),
(19, 1, 1, 'ns1NJbFuHt.png', 'private Cyber-Versicherung', 'Finde hier den richtigen Tarif im Vergleich!', NULL, NULL, '#c6c6c6', 1, 'EMPFEHLEN<br>und', 'Provision', 'erhalten', NULL, 'UNVERBINDLICH BERECHNEN<br>', 'ohne Provision', NULL, 'https://www.mr-money.de/cookievgl.php?sp=cybr&id=00207581', '<iframe id=\"mrmoFrame\" scrolling=\"no\" border=\"0\" style=\"border: 0px; height: 1523px;\" src=\"https://www.mr-money.de/cookievgl.php?sp=cybr&id=00207581\" width=\"700\"></iframe>\r\n<script type=\"text/javascript\">  var mrmoScrollToViewport = 1;var mrmoScrollToViewportOffset = -20;</script>\r\n<script type=\"text/javascript\" src=\"https://www.mr-money.de/iframeControls.js\"></script>', 'EMPFEHLEN<br>und', 'Provision', 'erhalten', 'BERECHNEN<br>und', 'Provision', 'erhalten', '<div class=\"headinfo\" style=\"margin: 10px 10px 20px 15px; padding: 0px; outline: none; color: rgb(34, 34, 34); font-family: Roboto, arial, tahoma, verdana, helvetica, sans-serif; font-size: 14px; background-color: rgb(245, 245, 245); -webkit-print-color-adjust: exact !important;\"><div class=\"sub\" style=\"margin: 0px 0px 10px; padding: 0px; font-weight: bold; -webkit-print-color-adjust: exact !important;\">Keine Angst vor Hackern und Datenklau</div><div class=\"headinfotext\" style=\"-webkit-print-color-adjust: exact !important; margin: 0px; padding: 0px; outline: none; line-height: 1.3;\">Wanna Cry, Poodle, Heartbeat oder ILoveYou - kreativ sind Hacker und Internetkriminelle nicht nur bei der Namensgebung für ihre Cyberattacken. Das World Wide Web wird von Jahr zu Jahr unsicherer. Davon sind längst nicht mehr nur Unternehmen und Regierungen betroffen. Cyberkriminelle stehlen Daten, kapern Rechner und missbrauchen Identitäten. So wird Online-Shopping, Online-Banking aber auch eine einfache E-Mail zum Risiko für jede Privatperson.<br style=\"-webkit-print-color-adjust: exact !important;\"><strong style=\"-webkit-print-color-adjust: exact !important;\">Surfen Sie sicher:</strong> Schützen Sie sich vor den Folgen von Online-Kriminalität mit einer Cyber-Versicherung.</div></div><div class=\"line zwischenueberschrift\" id=\"tr_weitere_angaben\" style=\"margin: 0px; padding: 0px; color: rgb(34, 34, 34); font-family: Roboto, arial, tahoma, verdana, helvetica, sans-serif; font-size: 14px; background-color: rgb(245, 245, 245); -webkit-print-color-adjust: exact !important;\"><div class=\"cell sp1_6 zw_ue\" style=\"margin: 0px; padding: 0px; -webkit-print-color-adjust: exact !important;\"><center style=\"-webkit-print-color-adjust: exact !important;\"><strong style=\"-webkit-print-color-adjust: exact !important;\">Produktinfos</strong></center></div><div class=\"clear\" style=\"-webkit-print-color-adjust: exact !important; margin: 0px; padding: 0px;\"></div></div><ul style=\"margin: 10px 10px 15px; padding: 0px; color: rgb(34, 34, 34); font-family: Roboto, arial, tahoma, verdana, helvetica, sans-serif; font-size: 14px; background-color: rgb(245, 245, 245); -webkit-print-color-adjust: exact !important;\"><li style=\"-webkit-print-color-adjust: exact !important; margin: 0px 0px 10px; padding: 3px 0px 3px 25px; list-style: none; background: url(\"https://res.makler-bund.de/h1/_images/check_black18.png\") left top no-repeat;\"><strong style=\"-webkit-print-color-adjust: exact !important;\">Online-Shopping:</strong><br style=\"-webkit-print-color-adjust: exact !important;\">Wir leisten Schadensersatz bei finanziellen Verlusten durch Interneteinkäufe und -verkäufe.</li><li style=\"-webkit-print-color-adjust: exact !important; margin: 0px 0px 10px; padding: 3px 0px 3px 25px; list-style: none; background: url(\"https://res.makler-bund.de/h1/_images/check_black18.png\") left top no-repeat;\"><strong style=\"-webkit-print-color-adjust: exact !important;\">Identitätsmissbrauch:</strong><br style=\"-webkit-print-color-adjust: exact !important;\">Wir erstatten Ihnen den finanziellen Verlust bei Missbrauch Ihrer persönlichen Daten inklusive Kreditkarten und elektronischen Bezahlsystemen wie zum Beispiel Paypal.</li><li style=\"-webkit-print-color-adjust: exact !important; margin: 0px 0px 10px; padding: 3px 0px 3px 25px; list-style: none; background: url(\"https://res.makler-bund.de/h1/_images/check_black18.png\") left top no-repeat;\"><strong style=\"-webkit-print-color-adjust: exact !important;\">Datenrettung:</strong><br style=\"-webkit-print-color-adjust: exact !important;\">Wir kümmern uns um die Wiederherstellung Ihrer Daten nach einer Cyberattacke und um die Löschung von missbräuchlich verwendeten Daten.</li><li style=\"-webkit-print-color-adjust: exact !important; margin: 0px 0px 10px; padding: 3px 0px 3px 25px; list-style: none; background: url(\"https://res.makler-bund.de/h1/_images/check_black18.png\") left top no-repeat;\"><strong style=\"-webkit-print-color-adjust: exact !important;\">Psychologische Beratung:</strong><br style=\"-webkit-print-color-adjust: exact !important;\">Erstberatung für Opfer von Cybermobbing.</li><li style=\"-webkit-print-color-adjust: exact !important; margin: 0px 0px 10px; padding: 3px 0px 3px 25px; list-style: none; background: url(\"https://res.makler-bund.de/h1/_images/check_black18.png\") left top no-repeat;\"><strong style=\"-webkit-print-color-adjust: exact !important;\">Service- und Notruf-Hotline:</strong><br style=\"-webkit-print-color-adjust: exact !important;\">Beratung sowie Hilfe bei der Sperrung von Karten und Konten.</li><li style=\"-webkit-print-color-adjust: exact !important; margin: 0px 0px 10px; padding: 3px 0px 3px 25px; list-style: none; background: url(\"https://res.makler-bund.de/h1/_images/check_black18.png\") left top no-repeat;\"><strong style=\"-webkit-print-color-adjust: exact !important;\">Monatlich kündbar:</strong><br style=\"-webkit-print-color-adjust: exact !important;\">Internetschutz ohne Vertragslaufzeit. Sie können die Cyber-Versicherung jeder Zeit zum darauffolgenden Monat kündigen.</li><li style=\"-webkit-print-color-adjust: exact !important; margin: 0px 0px 10px; padding: 3px 0px 3px 25px; list-style: none; background: url(\"https://res.makler-bund.de/h1/_images/check_black18.png\") left top no-repeat;\"><strong style=\"-webkit-print-color-adjust: exact !important;\">Sicherheit für die ganze Familie:</strong><br style=\"-webkit-print-color-adjust: exact !important;\">Die Cyber-Versicherung gilt automatisch für alle im Haushalt lebenden Personen - auch für Kinder.</li><li style=\"-webkit-print-color-adjust: exact !important; margin: 0px 0px 10px; padding: 3px 0px 3px 25px; list-style: none; background: url(\"https://res.makler-bund.de/h1/_images/check_black18.png\") left top no-repeat;\"><strong style=\"-webkit-print-color-adjust: exact !important;\">Rund um die Uhr erreichbar:</strong><br style=\"-webkit-print-color-adjust: exact !important;\">Unsere Service- und Notfallhotline erreichen Sie 24 Stunden am Tag.</li></ul>', 1, 1, '', '2021-09-28 09:59:25', '2022-04-25 04:51:30', NULL),
(20, 2, 1, 'W1r8nZoLpU.png', 'Pedelec/E-Bike/Fahrrad', 'Vollkasko, Schutzbrief und weitere Leistungen für Fahrräder und E-Bikes', NULL, NULL, '#fff3b9', 1, 'EMPFEHLEN<br>und', 'Provision', 'erhalten', NULL, 'UNVERBINDLICH BERECHNEN<br>', 'ohne Provision', NULL, 'https://www.mr-money.de/cookievgl.php?sp=fdv&id=00207581', '<iframe id=\"mrmoFrame\" scrolling=\"no\" border=\"0\" style=\"border: 0px; height: 1523px;\" src=\"https://www.mr-money.de/cookievgl.php?sp=fdv&id=00207581\" width=\"700\"></iframe>\r\n<script type=\"text/javascript\">  var mrmoScrollToViewport = 1;var mrmoScrollToViewportOffset = -20;</script>\r\n<script type=\"text/javascript\" src=\"https://www.mr-money.de/iframeControls.js\"></script>', 'EMPFEHLEN<br>und', 'Provision', 'erhalten', 'BERECHNEN<br>und', 'Provision', 'erhalten', '<h4>Fahrradversicherung</h4><p>- Diebstahl</p><p>- Vollkasko</p><p>- Akkuversicherung</p><p>- Schutzbriefleistungen</p><p>- auch für Räder mit Carbon-Rahmen</p>', 1, 1, '', '2021-09-28 09:59:25', '2022-04-25 04:49:36', NULL),
(21, 2, 1, 'IM8ZbYC4C2.png', 'CAR & LIVING Reparaturkostenversicherung', 'Reparaturkostenversicherung für den Endkunden.', NULL, NULL, '#fff3b9', 1, 'EMPFEHLEN<br>und', 'Provision', 'erhalten', NULL, 'UNVERBINDLICH BERECHNEN<br>', 'ohne Provision', NULL, NULL, '<iframe width=\"100%\" height=\"2000px\" src=\"https://apps.gavag.de/821d-0004-18?mkto=277654&mk_email=antrag%40glv-makler.de\"/>', 'EMPFEHLEN<br>und', 'Provision', 'erhalten', 'BERECHNEN<br>und', 'Provision', 'erhalten', '<p>- 3 Tarife mit bis zu 15 Baugruppen </p><p>- bis 200.000 km</p><p>- bis 10 Jahre Fahrzeugalter</p><p>- bis 225 KW</p><p>- Prüfung von vorliegenden KVAs</p><p>• Der Kunde braucht Sicherheit?</p><p>  Mit der CAR & LIVING vorsorgen! Ein Kredit oder monatelanges Sparen für die Reparaturkosten ist nicht nötig.</p><p>• Der Kunde hat Bedenken, dass die Autowerkstatt zu teuer ist?</p><p>  Mit der CAR & LIVING sicher fühlen! Die GAV vergleicht nicht nur, sie kümmert sich auch um die gesamte Abwicklung.</p><p>• Der Kunde möchte mit seinem Pkw entspannt in den Urlaub fahren?</p><p>  Mit der CAR & LIVING kein Problem! Die GAV ist auch im europäischen Ausland für Ihre Kundin/Ihren Kunden da.</p><p>• Der Kunde plant den Kauf eines gebrauchten Pkw von privat?</p><p>  Mit der CAR & LIVING auf Nummer sicher gehen! Sie hilft bei technischen Defekten.</p><p>• Der Kunde hat seinen Autokauf finanziert?</p><p>  Mit der CAR & LIVING absichern! Die CAR & LIVING hält die Finanzplanung bei unvorhergesehenen Reparaturen im Gleichgewicht.</p><p>• Der Kunde möchte seine abgelaufene Herstellergarantie verlängern?</p><p>  Mit der CAR & LIVING schützen! Die CAR & LIVING eignet sich ideal zur Verlängerung ablaufender Hersteller- oder Anschlussgarantien.</p><p>• Der Kunde möchte sein Fahrzeug „mit Garantie“ verkaufen?</p><p>  Mit der CAR & LIVING von anderen Verkäufern abheben! Mit der Reparaturkostenversicherung der GAV hebt sich der Kunde von anderen Verkäufern ab und kann so in einer Vielzahl von Fällen einen höheren Verkaufspreis für sein Fahrzeug erzielen.</p>', 1, 1, '', '2022-02-04 13:53:35', '2022-04-19 09:20:46', NULL),
(22, 3, 1, 'fKkr5eC5xh.png', 'Risiko-LV', NULL, NULL, NULL, '#7f9ec7', 0, NULL, NULL, NULL, NULL, 'UNVERBINDLICH BERECHNEN<br>', 'ohne Provision', NULL, NULL, NULL, 'EMPFEHLEN<br>und', 'Provision', 'erhalten', 'BERECHNEN<br>und', 'Provision', 'erhalten', NULL, 1, 0, '[\"NE6FkU48et.pdf\"]', '2022-03-24 15:28:31', '2022-04-19 09:20:55', NULL),
(23, 3, 1, 'L65ETbs5Mg.png', 'Krankenzusatz-Tarifrechner', NULL, NULL, NULL, '#7f9ec7', 0, NULL, NULL, NULL, NULL, 'UNVERBINDLICH BERECHNEN<br>', 'ohne Provision', NULL, NULL, NULL, 'EMPFEHLEN<br>und', 'Provision', 'erhalten', 'BERECHNEN<br>und', 'Provision', 'erhalten', '<div _ngcontent-rrq-c118=\"\" style=\"color: rgb(76, 76, 76); font-size: 16px;\"><div _ngcontent-rrq-c118=\"\" class=\"row\" style=\"display: flex; flex-wrap: wrap;\"><div _ngcontent-rrq-c118=\"\" class=\"col\" style=\"position: relative; width: 553px; padding-right: 15px; padding-left: 15px; flex-basis: 0px; flex-grow: 1; max-width: 100%;\"><h3 _ngcontent-rrq-c118=\"\" class=\"p-0\" style=\"margin-top: 0px; margin-bottom: 0.5rem; line-height: 1.2; font-size: 18px; color: rgb(76, 76, 76); padding: 0px !important;\"><font face=\"Verdana\">Ambulante Zusatzversicherung</font></h3></div></div></div><div _ngcontent-rrq-c118=\"\" class=\"row\" style=\"display: flex; flex-wrap: wrap; color: rgb(76, 76, 76); font-size: 16px;\"><div _ngcontent-rrq-c118=\"\" class=\"col\" style=\"position: relative; width: 553px; padding-right: 15px; padding-left: 15px; flex-basis: 0px; flex-grow: 1; max-width: 100%;\"><p _ngcontent-rrq-c118=\"\" style=\"margin-bottom: 1rem;\"><font face=\"Verdana\">Für die optimale Ergänzung Ihrer Krankenversicherung</font></p><div _ngcontent-rrq-c118=\"\" style=\"\"><div _ngcontent-rrq-c118=\"\" class=\"row\" style=\"display: flex; flex-wrap: wrap;\"><div _ngcontent-rrq-c118=\"\" class=\"col\" style=\"position: relative; width: 553px; padding-right: 15px; padding-left: 15px; flex-basis: 0px; flex-grow: 1; max-width: 100%;\"><h3 _ngcontent-rrq-c118=\"\" class=\"p-0\" style=\"margin-top: 0px; margin-bottom: 0.5rem; line-height: 1.2; font-size: 18px; color: rgb(76, 76, 76); padding: 0px !important;\"><font face=\"Verdana\"><br></font></h3><div _ngcontent-rrq-c118=\"\"><div _ngcontent-rrq-c118=\"\" class=\"row\" style=\"display: flex; flex-wrap: wrap;\"><div _ngcontent-rrq-c118=\"\" class=\"col\" style=\"position: relative; width: 553px; padding-right: 15px; padding-left: 15px; flex-basis: 0px; flex-grow: 1; max-width: 100%;\"><h3 _ngcontent-rrq-c118=\"\" class=\"p-0\" style=\"margin-top: 0px; margin-bottom: 0.5rem; line-height: 1.2; font-size: 18px; color: rgb(76, 76, 76); padding: 0px !important;\"><font face=\"Verdana\">Stationäre Zusatzversicherung</font></h3></div></div></div><div _ngcontent-rrq-c118=\"\" class=\"row\" style=\"display: flex; flex-wrap: wrap;\"><div _ngcontent-rrq-c118=\"\" class=\"col\" style=\"position: relative; width: 553px; padding-right: 15px; padding-left: 15px; flex-basis: 0px; flex-grow: 1; max-width: 100%;\"><p _ngcontent-rrq-c118=\"\" style=\"margin-bottom: 1rem;\"><font face=\"Verdana\">Für die beste Versorgung im Krankenhaus.</font></p></div></div><p style=\"margin-top: 0px; margin-bottom: 0.5rem; line-height: 1.2; font-size: 18px; color: rgb(76, 76, 76); padding: 0px !important;\"><font face=\"Verdana\"><br></font></p><h3 _ngcontent-rrq-c118=\"\" class=\"p-0\" style=\"margin-top: 0px; margin-bottom: 0.5rem; line-height: 1.2; font-size: 18px; color: rgb(76, 76, 76); padding: 0px !important;\"><font face=\"Verdana\">Vorsorge für Ihre Zähne</font></h3></div></div></div><div _ngcontent-rrq-c118=\"\" class=\"row\" style=\"display: flex; flex-wrap: wrap;\"><div _ngcontent-rrq-c118=\"\" class=\"col\" style=\"position: relative; width: 553px; padding-right: 15px; padding-left: 15px; flex-basis: 0px; flex-grow: 1; max-width: 100%;\"><p _ngcontent-rrq-c118=\"\" style=\"margin-bottom: 1rem;\"><font face=\"Verdana\">Für ein strahlend schönes Lächeln.</font></p><p _ngcontent-rrq-c118=\"\" style=\"margin-bottom: 1rem;\"><font face=\"Verdana\"><br></font></p><div _ngcontent-rrq-c118=\"\" style=\"\"><div _ngcontent-rrq-c118=\"\" class=\"row\" style=\"display: flex; flex-wrap: wrap;\"><div _ngcontent-rrq-c118=\"\" class=\"col\" style=\"position: relative; width: 553px; padding-right: 15px; padding-left: 15px; flex-basis: 0px; flex-grow: 1; max-width: 100%;\"><h3 _ngcontent-rrq-c118=\"\" class=\"p-0\" style=\"margin-top: 0px; margin-bottom: 0.5rem; line-height: 1.2; font-size: 18px; color: rgb(76, 76, 76); padding: 0px !important;\"><font face=\"Verdana\">Schutz vor Verdienstausfall</font></h3></div></div></div><div _ngcontent-rrq-c118=\"\" class=\"row\" style=\"display: flex; flex-wrap: wrap;\"><div _ngcontent-rrq-c118=\"\" class=\"col\" style=\"position: relative; width: 553px; padding-right: 15px; padding-left: 15px; flex-basis: 0px; flex-grow: 1; max-width: 100%;\"><p _ngcontent-rrq-c118=\"\" style=\"margin-bottom: 1rem;\"><font face=\"Verdana\">Für Ihr sicheres Einkommen bei langer Krankheit.</font></p></div></div><p _ngcontent-rrq-c118=\"\" style=\"font-family: &quot;Interstate Lt&quot;; margin-bottom: 1rem;\"><br></p></div></div></div></div>', 1, 0, '', '2022-03-28 08:19:49', '2022-04-22 13:18:03', NULL);

-- --------------------------------------------------------

--
-- Tabellenstruktur für Tabelle `home_portal_category`
--

CREATE TABLE `home_portal_category` (
  `c_id` int(11) NOT NULL,
  `c_name` varchar(255) DEFAULT NULL,
  `color` varchar(255) DEFAULT NULL,
  `created_at` datetime DEFAULT NULL,
  `updated_at` datetime DEFAULT NULL,
  `c_image` varchar(255) DEFAULT NULL
) ENGINE=InnoDB DEFAULT CHARSET=utf8mb4;

--
-- Daten für Tabelle `home_portal_category`
--

INSERT INTO `home_portal_category` (`c_id`, `c_name`, `color`, `created_at`, `updated_at`, `c_image`) VALUES
(1, 'MR-MONEY   VERGLEICHSRECHNER private Sachversicherung', '#c6c6c6', '2021-11-15 09:19:35', '2022-06-13 12:11:52', 'OFaGj2mwr8.png'),
(2, 'MOBILITÄT', '#fff3b9', '2021-11-15 09:20:34', '2022-02-08 09:10:27', 'jAC7GhlmAB.png'),
(3, 'PERSONEN-VERSICHERUNGEN', '#7f9ec7', '2021-11-15 09:21:07', '2022-02-11 10:04:19', 'ePd2AXq9Ga.png'),
(4, 'SPEZIALPRODUKTE', '#fad6df', '2021-11-15 09:21:28', '2022-02-08 09:30:17', 'uzKmBuVsXO.png'),
(5, 'TIER', '#d2dfa8', '2021-11-15 09:21:42', '2022-02-08 09:46:33', '2QH2B4fc3s.png'),
(6, 'INDIVIDUELLE ANFRAGE', '#ffd4ac', '2021-11-15 09:22:03', '2022-02-08 09:20:24', 'IxtrBpEXkC.png');

-- --------------------------------------------------------

--
-- Tabellenstruktur für Tabelle `home_slider`
--

CREATE TABLE `home_slider` (
  `id` int(11) NOT NULL,
  `text_1` varchar(255) DEFAULT NULL,
  `text_2` varchar(255) DEFAULT NULL,
  `image` varchar(255) DEFAULT NULL,
  `status` tinyint(4) DEFAULT 1,
  `created_at` datetime DEFAULT NULL,
  `updated_at` datetime DEFAULT NULL
) ENGINE=InnoDB DEFAULT CHARSET=utf8mb4;

--
-- Daten für Tabelle `home_slider`
--

INSERT INTO `home_slider` (`id`, `text_1`, `text_2`, `image`, `status`, `created_at`, `updated_at`) VALUES
(1, 'Deutschlands großes<br><span>Tipp</span>geber-Portal', 'fair, transparent und einfach bedienbar', 'phM0Kud0mD.jpg', 1, '2021-11-15 10:42:57', '2022-02-18 15:31:23'),
(2, 'Deutschlands großes<br><span>Tipp</span>geber-Portal', 'fair, transparent und einfach bedienbar', 'MWeBKNOLCO.png', 1, '2021-11-15 10:44:29', '2021-11-20 10:45:58');

-- --------------------------------------------------------

--
-- Tabellenstruktur für Tabelle `site_data`
--

CREATE TABLE `site_data` (
  `id` int(10) UNSIGNED NOT NULL,
  `action` varchar(255) COLLATE utf8mb4_unicode_ci DEFAULT NULL,
  `page_name` varchar(255) COLLATE utf8mb4_unicode_ci DEFAULT NULL,
  `description` longtext COLLATE utf8mb4_unicode_ci DEFAULT NULL,
  `created_at` timestamp NOT NULL DEFAULT current_timestamp(),
  `updated_at` timestamp NULL DEFAULT NULL,
  `deleted_at` timestamp NULL DEFAULT NULL
) ENGINE=InnoDB DEFAULT CHARSET=utf8mb4 COLLATE=utf8mb4_unicode_ci;

--
-- Daten für Tabelle `site_data`
--

INSERT INTO `site_data` (`id`, `action`, `page_name`, `description`, `created_at`, `updated_at`, `deleted_at`) VALUES
(1, 'home_section_1_text', 'home', '<h1>DARUM TIPPGEBER<br>WERDEN</h1>\r\n<p>Einfach und unkompliziert. Registriere dich auf unserem Portal und erhalte im Anschluss eine sehr leichte Schritt-für-Schritt-Anleitung zur weiteren Nutzung.</p><p>Die von uns weitergebene Provision ist überdurchschnittlich. Näheres hierzu erörtern wir dir gerne persönlich.</p>\r\n<p>Ermöglicht wird dieses durch eine sehr schlanke Abwicklung sowie Nutzung digitaler Prozesse. Aktuell findest Du bei uns eine Anzahl von diversen Versicherern/Dienstleistern mit einer stetig wachsenden Auswahl an Tarifen.\r\n Zusätzlich steht dir für alle anderen Versicherungslösungen unser Support-Team zur Verfügung. Ruf uns gerne an!</p>\r\n<p>Als Tippgeber erscheinst du weder auf Versicherungspolicen noch auf Rechnungen o. ä.</p>\r\n<p>Solltest Du vor deiner Registrierung bereits Fragen haben oder willst du dich vorher durch unser Portal führen lassen, ruf uns einfach an oder schreib uns eine E-Mail. Wir freuen uns auf dich!</p>\r\n<p>Seit vielen Jahren begleiten wir mehrere hundert\r\nVermittler mit einer besonderen Expertise im Bereich\r\nTippgeber-Lösung und als Ventilmakler-Stelle. Kurzum, wir verstehen unser Handwerk.</p>', '2021-11-19 08:00:58', '2021-12-08 21:28:36', NULL),
(3, 'home_section_right_image_1', 'home', '1637384583.png', '2021-11-19 23:33:03', '2021-11-19 23:33:03', NULL),
(4, 'home_section_right_title_1', 'home', 'fair, transparent und<br> einfach bedienbar', '2021-11-19 23:33:32', '2021-11-20 01:19:29', NULL),
(5, 'home_section_right_title_2', 'home', 'Ein starker Partner mit<br> langjährigem Know-How', '2021-11-19 23:33:40', '2021-11-20 01:19:38', NULL),
(6, 'home_section_right_image_2', 'home', '1637385919.png', '2021-11-19 23:55:19', '2021-11-19 23:55:19', NULL),
(7, 'soeinfach_section_1_text', 'soeinfach', '<h1>DARUM TIPPGEBER<br>WERDEN</h1>\r\n<p>Einfach und unkompliziert. Registriere dich auf unserem Portal und erhalte im Anschluss eine sehr leichte Schritt-für-Schritt-Anleitung zur weiteren Nutzung.</p><p>Die von uns weitergebene Provision ist überdurchschnittlich. Näheres hierzu erörtern wir dir gerne persönlich.</p><p>Ermöglicht wird dieses durch eine sehr schlanke Abwicklung sowie Nutzung digitaler Prozesse. Aktuell findest Du bei uns eine Anzahl von diversen Versicherern/Dienstleistern mit einer stetig wachsenden Auswahl an Tarifen. Zusätzlich steht dir für alle anderen Versicherungslösungen unser Support-Team zur Verfügung. Ruf uns gerne an!</p><p>Als Tippgeber erscheinst du weder auf Versicherungspolicen noch auf Rechnungen o. ä.</p><p>Solltest Du vor deiner Registrierung bereits Fragen haben oder willst du dich vorher durch unser Portal führen lassen, ruf uns einfach an oder schreib uns eine E-Mail. Wir freuen uns auf dich!</p><p>Seit vielen Jahren begleiten wir mehrere hundert Vermittler mit einer besonderen Expertise im Bereich Tippgeber-Lösung und als Ventilmakler-Stelle. Kurzum, wir verstehen unser Handwerk.</p>\r\n<h1>SO EINFACH GEHT‘S</h1>\r\n<h4>Für Versicherungsvermittler als auch<br>für Privatpersonen</h4>\r\n<p>Egal ob du als Versicherungsvermittler nach einer einfachen und passenden Lösung für deinen Kunden suchst oder ob du als Privatperson deine guten Kontakte für ein Zusatzeinkommen nutzen willst. Wir haben das perfekte Portal für deine Vorhaben.</p><p>Seit vielen Jahren begleiten wir mehrere hundert Vermittler mit einer besonderen Expertise im Bereich Tippgeber-Lösung und als Ventilmakler-Stelle. Kurzum, wir verstehen unser Handwerk.</p><p>Wenn du Fragen hast, sind wir immer nur einen&nbsp;<a href=\"tel:+49(0)5121\">Anruf</a>&nbsp;oder eine&nbsp;<a href=\"mailto:info@glv-makler.de\">E-Mail</a>&nbsp;entfernt.</p>', '2021-11-24 01:02:24', '2021-12-08 21:36:29', NULL),
(8, 'soeinfach_section_right_image_1', 'soeinfach', '1638016855.png', '2021-11-24 01:11:55', '2021-11-27 18:40:55', NULL),
(9, 'soeinfach_section_right_title_1', 'soeinfach', 'fair, transparent und<br> einfach bedienbar', '2021-11-24 01:12:09', '2021-11-24 01:13:03', NULL),
(10, 'soeinfach_section_right_title_2', 'soeinfach', 'Ein starker Partner mit<br> langjährigem Know-How', '2021-11-24 01:12:51', '2021-11-24 01:12:51', NULL),
(11, 'soeinfach_section_right_image_2', 'soeinfach', '1638016865.png', '2021-11-24 01:13:11', '2021-11-27 18:41:05', NULL),
(12, 'home_section_2_text', 'home', '<h1>SO EINFACH GEHT‘S</h1>\r\n<h4>Für Versicherungsvermittler als auch<br>für Privatpersonen</h4>\r\n<p>Egal ob du als Versicherungsvermittler nach einer einfachen und passenden Lösung für deinen Kunden suchst, oder ob du als Privatperson deine guten Kontakte für ein Zusatzeinkommen nutzen willst. Wir haben das perfekte Portal für deine Vorhaben.</p> \r\n<p>Seit vielen Jahren begleiten wir mehrere hundert Vermittler mit einer besonderen Expertise im Bereich Tippgeber-Lösung und als Ventilmakler-Stelle. Kurzum, wir verstehen unser Handwerk.</p>\r\n<p>Wenn du Fragen hast, sind wir immer nur einen <a href=\"tel:+49(0)5121\"><span class=\"blue-text\">Anruf</span></a> oder eine <a href=\"mailto:info@glv-makler.de\"><span class=\"blue-text\">E-Mail</span></a> entfernt.</p>', '2021-11-27 00:11:45', '2022-06-13 09:48:10', NULL),
(13, 'impressum', 'page_data', '<h1 style=\"color: rgb(0, 0, 0);\">DARUM TIPPGEBER<br>WERDEN</h1><p>Einfach und unkompliziert. Registriere dich auf unserem Portal und erhalte im Anschluss eine sehr leichte Schritt-für-Schritt-Anleitung zur weiteren Nutzung.</p><p>Die von uns weitergebene Provision ist überdurchschnittlich. Näheres hierzu erörtern wir dir gerne persönlich.</p><p>Ermöglicht wird dieses durch eine sehr schlanke Abwicklung sowie Nutzung digitaler Prozesse. Aktuell findest Du bei uns eine Anzahl von diversen Versicherern/Dienstleistern mit einer stetig wachsenden Auswahl an Tarifen. Zusätzlich steht dir für alle anderen Versicherungslösungen unser Support-Team zur Verfügung. Ruf uns gerne an!</p><p>Als Tippgeber erscheinst du weder auf Versicherungspolicen noch auf Rechnungen o. ä.</p><p>Solltest Du vor deiner Registrierung bereits Fragen haben oder willst du dich vorher durch unser Portal führen lassen, ruf uns einfach an oder schreib uns eine E-Mail. Wir freuen uns auf dich!</p><p>Seit vielen Jahren begleiten wir mehrere hundert Vermittler mit einer besonderen Expertise im Bereich Tippgeber-Lösung und als Ventilmakler-Stelle. Kurzum, wir verstehen unser Handwerk.</p><p><br></p><h1 style=\"color: rgb(0, 0, 0);\">SO EINFACH GEHT‘S</h1><h4 style=\"color: rgb(0, 0, 0);\">Für Versicherungsvermittler als auch<br>für Privatpersonen</h4><p>Egal ob du als Versicherungsvermittler nach einer einfachen und passenden Lösung für deinen Kunden suchst, oder ob du als Privatperson deine guten Kontakte für ein Zusatzeinkommen nutzen willst. Wir haben das perfekte Portal für deine Vorhaben.</p><p>Seit vielen Jahren begleiten wir mehrere hundert Vermittler mit einer besonderen Expertise im Bereich Tippgeber-Lösung und als Ventilmakler-Stelle. Kurzum, wir verstehen unser Handwerk.</p><p>Wenn du Fragen hast, sind wir immer nur einen&nbsp;<a href=\"tel:+49(0)5121\">Anruf</a>&nbsp;oder eine&nbsp;<a href=\"mailto:info@glv-makler.de\">E-Mail</a>&nbsp;entfernt.</p>', '2022-06-15 11:33:04', '2022-06-15 11:33:04', NULL),
(14, 'erstinformation', 'page_data', '<h1 style=\"color: rgb(0, 0, 0);\">DARUM TIPPGEBER<br>WERDEN</h1><p>Einfach und unkompliziert. Registriere dich auf unserem Portal und erhalte im Anschluss eine sehr leichte Schritt-für-Schritt-Anleitung zur weiteren Nutzung.</p><p>Die von uns weitergebene Provision ist überdurchschnittlich. Näheres hierzu erörtern wir dir gerne persönlich.</p><p>Ermöglicht wird dieses durch eine sehr schlanke Abwicklung sowie Nutzung digitaler Prozesse. Aktuell findest Du bei uns eine Anzahl von diversen Versicherern/Dienstleistern mit einer stetig wachsenden Auswahl an Tarifen. Zusätzlich steht dir für alle anderen Versicherungslösungen unser Support-Team zur Verfügung. Ruf uns gerne an!</p><p>Als Tippgeber erscheinst du weder auf Versicherungspolicen noch auf Rechnungen o. ä.</p><p>Solltest Du vor deiner Registrierung bereits Fragen haben oder willst du dich vorher durch unser Portal führen lassen, ruf uns einfach an oder schreib uns eine E-Mail. Wir freuen uns auf dich!</p><p>Seit vielen Jahren begleiten wir mehrere hundert Vermittler mit einer besonderen Expertise im Bereich Tippgeber-Lösung und als Ventilmakler-Stelle. Kurzum, wir verstehen unser Handwerk.</p>', '2022-06-15 11:33:17', '2022-06-15 11:33:17', NULL),
(15, 'datenschutz', 'page_data', '<h1 style=\"color: rgb(0, 0, 0);\">SO EINFACH GEHT‘S</h1><h4 style=\"color: rgb(0, 0, 0);\">Für Versicherungsvermittler als auch<br>für Privatpersonen</h4><p>Egal ob du als Versicherungsvermittler nach einer einfachen und passenden Lösung für deinen Kunden suchst, oder ob du als Privatperson deine guten Kontakte für ein Zusatzeinkommen nutzen willst. Wir haben das perfekte Portal für deine Vorhaben.</p><p>Seit vielen Jahren begleiten wir mehrere hundert Vermittler mit einer besonderen Expertise im Bereich Tippgeber-Lösung und als Ventilmakler-Stelle. Kurzum, wir verstehen unser Handwerk.</p><p>Wenn du Fragen hast, sind wir immer nur einen&nbsp;<a href=\"tel:+49(0)5121\">Anruf</a>&nbsp;oder eine&nbsp;<a href=\"mailto:info@glv-makler.de\">E-Mail</a>&nbsp;entfernt.</p>', '2022-06-15 11:33:22', '2022-06-15 11:33:22', NULL);

-- --------------------------------------------------------

--
-- Tabellenstruktur für Tabelle `site_setting`
--

CREATE TABLE `site_setting` (
  `sid` int(11) NOT NULL,
  `site_name` varchar(255) DEFAULT NULL,
  `contact_no` varchar(255) DEFAULT NULL,
  `site_email` varchar(255) DEFAULT NULL,
  `slogo` varchar(255) DEFAULT NULL,
  `sflogo` varchar(255) DEFAULT NULL,
  `fax` varchar(255) DEFAULT NULL,
  `status` tinyint(4) DEFAULT NULL,
  `created_at` datetime DEFAULT NULL,
  `updated_at` datetime DEFAULT NULL
) ENGINE=InnoDB DEFAULT CHARSET=utf8mb4;

--
-- Daten für Tabelle `site_setting`
--

INSERT INTO `site_setting` (`sid`, `site_name`, `contact_no`, `site_email`, `slogo`, `sflogo`, `fax`, `status`, `created_at`, `updated_at`) VALUES
(1, 'GLV Versicherungsservice GmbH', '+49 (0) 51 21 / 98 146-0', 'info@glv-tipp.de', 'OUSY6FwXtS.png', 'BJR6bfG9Fj.png', '+49 (0) 51 21 / 98 146-49', 1, '2020-06-03 00:00:00', '2022-03-28 14:02:41');

-- --------------------------------------------------------

--
-- Tabellenstruktur für Tabelle `users`
--

CREATE TABLE `users` (
  `id` int(11) NOT NULL,
  `user_name` varchar(255) DEFAULT NULL,
  `last_name` varchar(255) DEFAULT NULL,
  `email` varchar(255) DEFAULT NULL,
  `password` varchar(255) DEFAULT NULL,
  `remember_token` varchar(255) DEFAULT NULL,
  `status` tinyint(4) DEFAULT 0,
  `admin_confirm` tinyint(4) DEFAULT 0,
  `urole` tinyint(4) DEFAULT 2 COMMENT '1 = Admin, 2 = User',
  `note` varchar(255) DEFAULT NULL,
  `phone` varchar(255) DEFAULT NULL,
  `broker` varchar(255) DEFAULT NULL,
  `GLV_tipsters` varchar(255) DEFAULT NULL,
  `Empfohlen_von_detail` text DEFAULT NULL,
  `Sonstiges_detail` text DEFAULT NULL,
  `mr_mrs` varchar(255) DEFAULT NULL,
  `anmerkung` varchar(255) DEFAULT NULL,
  `password_key` varchar(20) DEFAULT NULL,
  `email_key` varchar(255) DEFAULT NULL,
  `email_confirm` tinyint(4) DEFAULT 0,
  `password_mdate` datetime DEFAULT NULL,
  `created_at` datetime DEFAULT NULL,
  `updated_at` datetime DEFAULT NULL,
  `deleted_at` datetime DEFAULT NULL,
  `master_admin` int(11) NOT NULL DEFAULT 0,
  `pass_check` varchar(255) DEFAULT NULL
) ENGINE=InnoDB DEFAULT CHARSET=latin1;

--
-- Daten für Tabelle `users`
--

INSERT INTO `users` (`id`, `user_name`, `last_name`, `email`, `password`, `remember_token`, `status`, `admin_confirm`, `urole`, `note`, `phone`, `broker`, `GLV_tipsters`, `Empfohlen_von_detail`, `Sonstiges_detail`, `mr_mrs`, `anmerkung`, `password_key`, `email_key`, `email_confirm`, `password_mdate`, `created_at`, `updated_at`, `deleted_at`, `master_admin`, `pass_check`) VALUES
(1, 'Admin', NULL, 'admin@gmail.com', '$2y$10$Dy2afnPO4Yh6e4qT99a9C.VaoRyPPzbRw70/L3niENGwtnrn7vnAu', 'IqBPtWKTZ2fZ6qhmpGQXn1ntf5O52iGsBYGnrCRA2U5zsnqyDZGI7rac9nGG', 1, NULL, 1, NULL, NULL, NULL, NULL, NULL, NULL, NULL, NULL, NULL, NULL, NULL, '2020-10-19 06:27:48', '2018-01-01 00:00:00', '2022-02-01 11:28:36', NULL, 1, '123456'),
(2, 'Rocks', 'Holger', 'holger.rocks@gmx.de', '$2y$10$Dy2afnPO4Yh6e4qT99a9C.VaoRyPPzbRw70/L3niENGwtnrn7vnAu', NULL, 1, 1, 2, '', '01717501484', 'no', NULL, NULL, NULL, 'herr', '', NULL, NULL, 1, NULL, '2021-09-30 06:39:32', '2022-02-01 10:19:44', NULL, 0, NULL),
(3, 'Passiniemi', 'Sinikka', 'sinikka.passiniemi@jl-re.de', '$2y$10$yZeNYZB7ttQ35.Gu2CiwA.GLoh44R3iT62FcEczni5gGmzMXURQG6', NULL, 1, 1, 2, '', '051219356068', 'no', NULL, NULL, NULL, 'frau', '', NULL, NULL, 1, '2021-11-25 13:44:46', '2021-11-16 12:58:42', '2021-12-01 12:56:59', NULL, 0, NULL),
(4, 'Justus', 'L&uuml;der', 'info@justuslueder.de', '$2y$10$N28gDvRmXDHfpYh6CE9w1eCa68diYAm5ENVPRRuVTVpYkoXT3edX6', NULL, 1, 0, 2, '', '0725195010', 'no', NULL, NULL, NULL, 'herr', '', NULL, NULL, 1, NULL, '2021-11-24 12:04:07', '2021-11-24 12:12:43', NULL, 0, NULL),
(5, 'Rocks', 'Holger', 'holger.rocks@gmail.com', '$2y$10$MtgRsZz.X4OdQf5baFv5rOi6IqiFYxbrreeZbjf4Iix4F9V9ckcyq', NULL, 1, 1, 2, '', '', 'no', NULL, NULL, NULL, 'herr', '', NULL, NULL, 1, NULL, '2021-12-02 08:14:02', '2021-12-02 08:14:24', NULL, 0, NULL),
(7, 'Rocks', 'Holger', 'holger1.rocks@gmx.de', '$2y$10$g5OQQLbgsv/sFsaMXRE15e0J1wOPt8W9muqkfvxzCdtbs/yfQBpAa', NULL, 1, 1, 2, '', '01717501484', 'yes', NULL, NULL, NULL, 'herr', '', NULL, NULL, 1, NULL, '2021-09-30 06:39:32', '2021-12-08 12:44:02', NULL, 0, NULL),
(8, 'Konarski', 'Patrick', 'p.konarski@glv-makler.de', '$2y$10$z/f3233sHqCOiE27o4w8Ke5AEsLT7OJcBRSXuTaM5pdc8LnGX5qHy', NULL, 1, 1, 2, '', '01711464777', 'yes', '4', '', 'Makler', 'herr', '', NULL, 'uAePkIJokH', 0, NULL, '2022-01-10 07:59:30', '2022-01-10 07:59:30', NULL, 0, NULL),
(9, 'test admin', 'Sinikka', 'sinikka.passiniemi@jl-re.de', '$2y$10$1XchzBLWqQ2ahqJeYZzXbOXSfjmuB.VWY6mcPcLaljeVrKWsm0nb2', NULL, 1, 1, 1, NULL, '051219356068', NULL, NULL, NULL, NULL, 'frau', NULL, NULL, NULL, NULL, NULL, '2022-01-11 07:30:31', '2022-04-20 09:34:09', NULL, 0, 'Start1234!'),
(10, 'Holger', 'Rocks', 'holger.rocks.spam@gmx.de', '$2y$10$TqKA.7Ksleuc544A/hCb/OJS.wyRbhbhwZT6f4bekIpfO5tET42c.', NULL, 1, 0, 2, '', '', 'no', '2', '', '', 'herr', '', NULL, 'AhQwqjoE2r', 0, NULL, '2022-01-21 10:12:30', '2022-01-21 10:12:30', NULL, 0, NULL),
(11, 'Rocks', 'Holger', 'jagedo5147@showbaz.com', '$2y$10$vG2ZRgPHGleK6qBgfCgCPeYa5aw48vwr6iUVQHuwOPY9vtZJFVtfe', NULL, 1, 0, 2, '', '05044300618', 'no', '2', '', '', 'frau', '', NULL, NULL, 1, NULL, '2022-01-21 10:14:55', '2022-01-21 10:15:56', NULL, 0, NULL),
(12, 'Holger', 'Rocks', 'lofey55632@showbaz.com', '$2y$10$G8b7Vrq1Had2z38rGnGxK.wdFPXRPqZJ7RJOrhRMVNdECwDYohsLu', NULL, 1, 1, 2, '', '1', 'yes', '2', '', '', 'frau', '', NULL, NULL, 1, NULL, '2022-01-21 12:19:45', '2022-01-21 12:21:19', NULL, 0, NULL),
(13, 'Holger', 'Rocks', 'tofose1527@peykesabz.com', '$2y$10$XlvoDG1b/zozGyJViK6dIeT6QuPIG3hqR1RugD6swfMNmIoO2/ha6', NULL, 1, 1, 2, '', '1', 'no', '2', '', '', 'frau', '', NULL, NULL, 1, NULL, '2022-01-21 12:52:00', '2022-01-21 12:54:01', NULL, 0, NULL),
(15, 'Passiniemi', 'Sinikka', 'Sinikka.passiniemi@b2bProtect.de', '$2y$10$730SV4Ww.ChdX8kuplUvM.iOvkVWFzT0JQz0IYjR536bzlddNqtS2', 'eSI9l7hNi7', 1, 0, 2, '', '051219356068', 'no', '3', 'Patriick', '', 'frau', '', NULL, 'HiTWBy3SCF', 0, NULL, '2022-02-28 12:09:22', '2022-03-02 13:45:47', NULL, 0, NULL),
(16, 'Pietro', 'Torre', 'service@torre-agentur.de', '$2y$10$p/GyIEv2od/BAGJoFxkw3OBYQKOy7DpIUXCg0vZMNq5bY61fZ7hxa', NULL, 1, 0, 2, '', '07733504625', 'yes', '3', 'Patrick', '', 'herr', '', NULL, NULL, 1, NULL, '2022-05-16 12:05:23', '2022-05-17 09:17:16', NULL, 0, NULL),
(17, 'Tank', 'Christian', 'christian.tank@hdi.de', '$2y$10$XpAoPvg0TSAcINfjLGmZEet0yQN7V1qtSdOIH5Eu4mnJ4KXOyCq9S', NULL, 1, 0, 2, '', '040537983934', 'yes', '1', '', '', 'herr', '', NULL, 'RutFWDsvoL', 0, NULL, '2022-05-17 09:51:07', '2022-05-17 09:51:08', NULL, 0, NULL),
(18, 'Busche', 'Thomas', 't.busche@glv24.com', '$2y$10$eVxkSv1Rwy9yPSZS0tM3MO5rwGoAas0ypX/e4qW3URXwUR/CQ8r2.', NULL, 1, 0, 2, '', '', 'yes', '3', 'GLV', '', 'herr', '', NULL, 'bx13qEoPns', 0, NULL, '2022-05-17 12:11:58', '2022-05-17 12:11:58', NULL, 0, NULL),
(19, 'Paris', 'Laurin', 'l.paris@glv24.com', '$2y$10$ohHIPbEAOm4T5s2S2oKyF.aYNal5fsYqw/ADiQQgp.sujkL3RRRUO', NULL, 1, 0, 2, '', '051219814645', 'yes', '4', '', 'GLV direkt', 'herr', '', NULL, 'Tq26gnieBC', 0, NULL, '2022-06-22 09:50:09', '2022-06-22 09:50:09', NULL, 0, NULL);

-- --------------------------------------------------------

--
-- Tabellenstruktur für Tabelle `user_detail`
--

CREATE TABLE `user_detail` (
  `id` int(11) NOT NULL,
  `user_id` int(11) DEFAULT NULL,
  `unternehmen` varchar(255) DEFAULT NULL,
  `strabe` varchar(255) DEFAULT NULL,
  `plzort` varchar(255) DEFAULT NULL,
  `geburtsdatum` varchar(255) DEFAULT NULL,
  `ihkregister` varchar(255) DEFAULT NULL,
  `beginndes` varchar(255) DEFAULT NULL,
  `email2` varchar(255) DEFAULT NULL,
  `iban` varchar(255) DEFAULT NULL,
  `bankdetail` varchar(255) DEFAULT NULL,
  `kontoinhaber` varchar(255) DEFAULT NULL,
  `weitere` varchar(255) DEFAULT NULL,
  `sonsge` text DEFAULT NULL,
  `frau1` varchar(20) DEFAULT NULL,
  `distribution` varchar(255) DEFAULT NULL,
  `confidentiality` varchar(255) DEFAULT NULL,
  `avv_contract` varchar(255) DEFAULT NULL,
  `distribution_status` tinyint(1) NOT NULL DEFAULT 0,
  `confidentiality_status` tinyint(1) NOT NULL DEFAULT 0,
  `avv_contract_status` tinyint(1) NOT NULL DEFAULT 0,
  `check_status` tinyint(1) NOT NULL DEFAULT 0,
  `step_5_check` tinyint(1) NOT NULL DEFAULT 0,
  `created_at` date DEFAULT NULL,
  `updated_at` date DEFAULT NULL
) ENGINE=InnoDB DEFAULT CHARSET=utf8mb4;

--
-- Daten für Tabelle `user_detail`
--

INSERT INTO `user_detail` (`id`, `user_id`, `unternehmen`, `strabe`, `plzort`, `geburtsdatum`, `ihkregister`, `beginndes`, `email2`, `iban`, `bankdetail`, `kontoinhaber`, `weitere`, `sonsge`, `frau1`, `distribution`, `confidentiality`, `avv_contract`, `distribution_status`, `confidentiality_status`, `avv_contract_status`, `check_status`, `step_5_check`, `created_at`, `updated_at`) VALUES
(1, 1, NULL, NULL, NULL, NULL, NULL, NULL, NULL, NULL, NULL, NULL, NULL, NULL, NULL, NULL, NULL, NULL, 0, 0, 0, 0, 0, NULL, NULL),
(2, 2, 'Glv versicherungsmakler', NULL, '31832 Springe', NULL, '123', '08/12/2021', 'holger.rocks@gmx.de', NULL, NULL, 'Holger Rocks', NULL, NULL, NULL, '2020_v6.pdf', '2020_v6.pdf', '2020_v6.pdf', 1, 1, 1, 1, 1, '2022-02-01', '2021-09-30'),
(3, 3, 'JLre. GmbH', 'Rathausstraße 13 b', '31134 Hildesheim', '1979-12-01', '1234567890', '01/12/2021', 'sinikka.passiniemi@jl-re.de', 'DE59 2950 0030 4444 5555 66', 'Sparkasse HPG', 'Sinikka Passiniemi', NULL, NULL, 'on', 'Vertriebsvereinbarung_GLV.pdf', 'Vertraulichkeitsverpflichtungserklaerung_GLV 10_2020.pdf', NULL, 1, 1, 0, 1, 1, '2021-12-01', '2021-12-16'),
(4, 4, NULL, NULL, NULL, NULL, NULL, NULL, NULL, NULL, NULL, NULL, NULL, NULL, NULL, NULL, NULL, NULL, 0, 0, 0, 0, 0, NULL, NULL),
(5, 5, NULL, NULL, NULL, NULL, NULL, NULL, NULL, NULL, NULL, NULL, NULL, NULL, NULL, NULL, NULL, NULL, 0, 0, 0, 0, 0, NULL, NULL),
(6, 6, NULL, NULL, NULL, NULL, NULL, NULL, NULL, NULL, NULL, NULL, NULL, NULL, NULL, NULL, NULL, NULL, 0, 0, 0, 0, 0, NULL, NULL),
(7, 7, NULL, NULL, NULL, NULL, NULL, NULL, NULL, NULL, NULL, NULL, NULL, NULL, NULL, NULL, NULL, NULL, 0, 0, 0, 0, 0, NULL, NULL),
(8, 8, NULL, NULL, NULL, NULL, NULL, NULL, NULL, NULL, NULL, NULL, NULL, NULL, NULL, NULL, NULL, NULL, 0, 0, 0, 0, 0, NULL, NULL),
(9, NULL, NULL, NULL, NULL, NULL, NULL, NULL, NULL, NULL, NULL, NULL, NULL, NULL, NULL, NULL, NULL, NULL, 0, 0, 0, 0, 0, NULL, NULL),
(10, 10, NULL, NULL, NULL, NULL, NULL, NULL, NULL, NULL, NULL, NULL, NULL, NULL, NULL, NULL, NULL, NULL, 0, 0, 0, 0, 0, NULL, NULL),
(11, 11, 'test', 'Zur Finie', 'test', NULL, '1', '21/01/2022', 'jagedo5147@showbaz.com', 'test', NULL, '1', NULL, NULL, NULL, NULL, NULL, NULL, 0, 0, 0, 1, 0, '2022-01-21', NULL),
(12, 12, 'Meine Firma', NULL, '31832 Springe', NULL, '1', '21/01/2022', 'lofey55632@showbaz.com', '1', NULL, '1', NULL, NULL, NULL, 'Vertriebsvereinbarung_GLV 10_2020.pdf', 'Vertraulichkeitsverpflichtungserklaerung_GLV 10_2020.pdf', 'Auftragsverarbeitungsvertrag  Art. 28 V 2.2 GLV.pdf', 1, 1, 1, 1, 1, '2022-01-21', '2022-01-21'),
(13, 13, '123', NULL, '31832 Spring', NULL, '1', '21/01/2022', 'tofose1527@peykesabz.com', '1', NULL, '1', NULL, NULL, NULL, 'Datenschutzinformation_Kooperationspartner_GLV v2 (1).pdf', 'Datenschutzinformation_Kooperationspartner_GLV v2 (1).pdf', 'Datenschutzinformation_Kooperationspartner_GLV v2.pdf', 1, 1, 1, 1, 1, '2022-01-21', '2022-01-21'),
(15, 15, NULL, NULL, NULL, NULL, NULL, NULL, NULL, NULL, NULL, NULL, NULL, NULL, NULL, NULL, NULL, NULL, 0, 0, 0, 0, 0, NULL, NULL),
(16, 9, 'JLre.', 'Rathausstraße 13b', '31134 Hildesheim', '2022-04-20', '12234 KL', NULL, 'sinikka.passiniemi@jl-re.de', '1234567', 'Sparkasse', 'Sinikka', NULL, NULL, NULL, 'Vertriebsvereinbarung_GLV 10_2020.pdf', 'Vertraulichkeitsverpflichtungserklaerung_GLV 10_2020.pdf', 'Auftragsverarbeitungsvertrag  Art. 28 V 2.3 GLV.pdf', 1, 1, 1, 1, 1, '2022-04-20', '2022-04-20'),
(17, 16, 'PTVersicherungsmakler', 'Breitestr.15', '78234 Engen', '1970-01-01', 'D-Z3I§-UK-80O-84', '17/05/2022', 'service@torre-agentur.de', NULL, NULL, 'Pietro Torre', NULL, NULL, NULL, 'Vertriebsvereinbarung_GLV 10_2020 (2).pdf', 'Vertraulichkeitsverpflichtungserklaerung_GLV 10_2020 (1).pdf', 'Auftragsverarbeitungsvertrag  Art. 28 V 2.3 GLV (1).PDF', 1, 1, 1, 1, 1, '2022-05-17', '2022-05-17'),
(18, 17, NULL, NULL, NULL, NULL, NULL, NULL, NULL, NULL, NULL, NULL, NULL, NULL, NULL, NULL, NULL, NULL, 0, 0, 0, 0, 0, NULL, NULL),
(19, 18, NULL, NULL, NULL, NULL, NULL, NULL, NULL, NULL, NULL, NULL, NULL, NULL, NULL, NULL, NULL, NULL, 0, 0, 0, 0, 0, NULL, NULL),
(20, 19, NULL, NULL, NULL, NULL, NULL, NULL, NULL, NULL, NULL, NULL, NULL, NULL, NULL, NULL, NULL, NULL, 0, 0, 0, 0, 0, NULL, NULL);

-- --------------------------------------------------------

--
-- Tabellenstruktur für Tabelle `user_empfehlung_code`
--

CREATE TABLE `user_empfehlung_code` (
  `c_id` int(11) NOT NULL,
  `user_name` varchar(255) DEFAULT NULL,
  `last_name` varchar(255) DEFAULT NULL,
  `mr_mrs` varchar(255) DEFAULT NULL,
  `dob` date DEFAULT NULL,
  `phone_number` varchar(20) DEFAULT NULL,
  `phone_code` varchar(255) DEFAULT NULL,
  `userid` int(20) DEFAULT NULL,
  `code` int(20) DEFAULT NULL,
  `time` int(20) DEFAULT NULL,
  `used` int(20) DEFAULT NULL,
  `popup_id` int(20) DEFAULT NULL,
  `check_verify` tinyint(1) NOT NULL DEFAULT 0 COMMENT '0 = no\r\n1 = yes',
  `created_at` datetime DEFAULT NULL,
  `updated_at` datetime DEFAULT NULL,
  `check_url` varchar(255) DEFAULT NULL
) ENGINE=InnoDB DEFAULT CHARSET=latin1;

--
-- Daten für Tabelle `user_empfehlung_code`
--

INSERT INTO `user_empfehlung_code` (`c_id`, `user_name`, `last_name`, `mr_mrs`, `dob`, `phone_number`, `phone_code`, `userid`, `code`, `time`, `used`, `popup_id`, `check_verify`, `created_at`, `updated_at`, `check_url`) VALUES
(1, NULL, NULL, NULL, NULL, '+918511310544', NULL, NULL, 553238, 0, 0, 1, 1, '2021-11-15 11:03:24', '2021-11-15 11:03:52', 'ENDg0HwWEpcQwGSyW958P049lh7IMVpY21'),
(2, NULL, NULL, NULL, NULL, '+919427435087', NULL, NULL, 235146, 0, 0, 1, 1, '2021-11-16 05:15:20', '2021-11-16 05:15:41', 'ENkXtdNkrCWCROdxybzKLxHPZPTIQeNl21'),
(3, NULL, NULL, NULL, NULL, '+918511310544', NULL, 3, 765746, 0, 0, 1, 1, '2021-11-16 13:18:52', '2021-11-17 04:44:33', 'ENSPt1E0b6UZMkQXEiJij7zBmA3ZwZ6g21'),
(4, NULL, NULL, NULL, NULL, '+919427435087', NULL, 2, 936514, 0, 0, 1, 1, '2021-11-17 05:44:47', '2021-11-17 05:45:38', 'ENkVNrMwjVyCgLpG7I09UjVTMWlzcUPx21'),
(5, NULL, NULL, NULL, NULL, '01717501484', NULL, 3, 429895, 0, 0, 1, 1, '2021-11-17 16:00:21', '2021-11-17 16:02:57', 'ENXoTCr0shOHEnf8zAIPAl255aNvGJZX21'),
(6, NULL, NULL, NULL, NULL, '01717501484', NULL, 3, 806271, 0, 0, 2, 1, '2021-11-18 10:42:05', '2021-11-18 10:42:33', 'ENCd9EmWdeevRSY1j0tXXM3hFeGN4UcZ21'),
(7, NULL, NULL, NULL, NULL, '+919824092692', NULL, 3, 621596, 0, 0, 1, 1, '2021-11-19 10:10:18', '2021-11-19 10:10:49', 'EN71wdxzFiwIiWPipnIVXhFrVMR650ub21'),
(8, NULL, NULL, NULL, NULL, '+918128731888', NULL, 2, 318968, 0, 0, 1, 1, '2021-11-20 09:46:30', '2021-11-20 10:33:52', 'ENcWfcm28ph0LCh3fk9xsQVjJXiIBiQ221'),
(9, NULL, NULL, NULL, NULL, '01717501484', NULL, 3, 201497, 0, 0, 4, 1, '2021-11-21 20:00:50', '2021-12-08 13:03:59', 'ENsHHVktDPzKfvicjbmJOCydnkGwiFuZ21'),
(10, NULL, NULL, NULL, NULL, '017631214719', NULL, 3, 129865, 0, 0, 4, 1, '2021-12-13 21:34:01', '2021-12-13 21:34:36', 'EN9qK3iRUgA6K3dA1UbtgW3uHsSfhKE621'),
(11, 'tz', 'dev', 'frau', '1994-01-19', '+918128731888', NULL, 10, 254980, 0, 0, 4, 1, '2021-12-22 11:51:10', '2021-12-22 11:53:11', 'ENxererM79MJIGCLUo4RK95B0iwSXhh121'),
(12, 'Rocks', 'Holger', 'frau', '1982-06-23', '01717501484', NULL, 2, 499882, 0, 0, 6, 1, '2022-01-20 19:21:53', '2022-01-20 19:22:06', 'ENFgni9jJvNKervKNyZ6UoQH5DmUdvjX22'),
(13, 'Rocks', 'Holger', 'frau', '1982-06-23', '01717501484', NULL, 13, 501790, 0, 0, 6, 1, '2022-01-21 12:59:20', '2022-01-21 12:59:39', 'ENcTWHsKqHQTWkIvitt9iXXcr9qiNhuj22'),
(14, NULL, NULL, NULL, NULL, '+91851131044', NULL, 2, 931384, 0, 0, 12, 0, '2022-04-06 12:20:48', NULL, 'ENRM95YTKiYfkPcjuihr9Bylxe6yiZQP22'),
(15, NULL, NULL, NULL, NULL, '+918511310544', NULL, 2, 697993, 0, 0, 6, 0, '2022-04-06 12:24:12', NULL, 'ENtN9Ycdmq6ae2wNQG0r8KrBi1QtR6Il22'),
(16, 'test', 'test', 'frau', NULL, NULL, NULL, NULL, NULL, NULL, NULL, NULL, 0, NULL, NULL, NULL),
(17, 'testing', 'testing', 'frau', NULL, NULL, NULL, 2, NULL, 0, 0, 6, 0, '2022-04-08 14:26:08', '2022-04-08 14:26:08', NULL),
(18, 'Richter', 'Jens', 'frau', NULL, NULL, NULL, 2, NULL, 0, 0, 12, 0, '2022-04-11 12:02:23', '2022-04-11 12:02:23', NULL),
(19, 'test', 'test', 'frau', NULL, NULL, NULL, 2, NULL, 0, 0, 6, 0, '2022-04-11 12:36:38', '2022-04-11 12:36:38', NULL),
(20, 'Richter', 'Jens', 'frau', NULL, NULL, NULL, 2, NULL, 0, 0, 13, 0, '2022-04-20 05:23:09', '2022-04-20 05:23:09', NULL),
(21, 'Richter', 'Jens', 'frau', NULL, NULL, NULL, 2, NULL, 0, 0, 20, 0, '2022-04-25 04:49:56', '2022-04-25 04:49:56', NULL),
(22, 'Richter', 'Jens', 'frau', NULL, NULL, NULL, 2, NULL, 0, 0, 5, 0, '2022-04-25 05:05:17', '2022-04-25 05:05:17', NULL);

--
-- Indizes der exportierten Tabellen
--

--
-- Indizes für die Tabelle `deine`
--
ALTER TABLE `deine`
  ADD PRIMARY KEY (`p_id`);

--
-- Indizes für die Tabelle `faq`
--
ALTER TABLE `faq`
  ADD PRIMARY KEY (`id`);

--
-- Indizes für die Tabelle `home_portal`
--
ALTER TABLE `home_portal`
  ADD PRIMARY KEY (`id`);

--
-- Indizes für die Tabelle `home_portal_category`
--
ALTER TABLE `home_portal_category`
  ADD PRIMARY KEY (`c_id`);

--
-- Indizes für die Tabelle `home_slider`
--
ALTER TABLE `home_slider`
  ADD PRIMARY KEY (`id`);

--
-- Indizes für die Tabelle `site_data`
--
ALTER TABLE `site_data`
  ADD PRIMARY KEY (`id`);

--
-- Indizes für die Tabelle `site_setting`
--
ALTER TABLE `site_setting`
  ADD PRIMARY KEY (`sid`);

--
-- Indizes für die Tabelle `users`
--
ALTER TABLE `users`
  ADD PRIMARY KEY (`id`);

--
-- Indizes für die Tabelle `user_detail`
--
ALTER TABLE `user_detail`
  ADD PRIMARY KEY (`id`);

--
-- Indizes für die Tabelle `user_empfehlung_code`
--
ALTER TABLE `user_empfehlung_code`
  ADD PRIMARY KEY (`c_id`);

--
-- AUTO_INCREMENT für exportierte Tabellen
--

--
-- AUTO_INCREMENT für Tabelle `deine`
--
ALTER TABLE `deine`
  MODIFY `p_id` int(11) NOT NULL AUTO_INCREMENT, AUTO_INCREMENT=11;

--
-- AUTO_INCREMENT für Tabelle `faq`
--
ALTER TABLE `faq`
  MODIFY `id` int(11) NOT NULL AUTO_INCREMENT, AUTO_INCREMENT=16;

--
-- AUTO_INCREMENT für Tabelle `home_portal`
--
ALTER TABLE `home_portal`
  MODIFY `id` int(11) NOT NULL AUTO_INCREMENT, AUTO_INCREMENT=24;

--
-- AUTO_INCREMENT für Tabelle `home_portal_category`
--
ALTER TABLE `home_portal_category`
  MODIFY `c_id` int(11) NOT NULL AUTO_INCREMENT, AUTO_INCREMENT=7;

--
-- AUTO_INCREMENT für Tabelle `home_slider`
--
ALTER TABLE `home_slider`
  MODIFY `id` int(11) NOT NULL AUTO_INCREMENT, AUTO_INCREMENT=3;

--
-- AUTO_INCREMENT für Tabelle `site_data`
--
ALTER TABLE `site_data`
  MODIFY `id` int(10) UNSIGNED NOT NULL AUTO_INCREMENT, AUTO_INCREMENT=16;

--
-- AUTO_INCREMENT für Tabelle `site_setting`
--
ALTER TABLE `site_setting`
  MODIFY `sid` int(11) NOT NULL AUTO_INCREMENT, AUTO_INCREMENT=2;

--
-- AUTO_INCREMENT für Tabelle `users`
--
ALTER TABLE `users`
  MODIFY `id` int(11) NOT NULL AUTO_INCREMENT, AUTO_INCREMENT=20;

--
-- AUTO_INCREMENT für Tabelle `user_detail`
--
ALTER TABLE `user_detail`
  MODIFY `id` int(11) NOT NULL AUTO_INCREMENT, AUTO_INCREMENT=21;

--
-- AUTO_INCREMENT für Tabelle `user_empfehlung_code`
--
ALTER TABLE `user_empfehlung_code`
  MODIFY `c_id` int(11) NOT NULL AUTO_INCREMENT, AUTO_INCREMENT=23;
COMMIT;

/*!40101 SET CHARACTER_SET_CLIENT=@OLD_CHARACTER_SET_CLIENT */;
/*!40101 SET CHARACTER_SET_RESULTS=@OLD_CHARACTER_SET_RESULTS */;
/*!40101 SET COLLATION_CONNECTION=@OLD_COLLATION_CONNECTION */;
